554,Shortstop|First Baseman|Third Baseman,Charlie Babb,,,,,3,1903-1905
555,Pitcher,Bob Babcock,,,,,3,1979-1981
556,Third Baseman,Loren Babe,,,,,2,1952-1953
557,Pitcher,Johnny Babich,,,,,5,1934-1941
558,Outfielder|Pinch Hitter|First Baseman,Charlie Babington,,,,,1,1915-1915
559,Second Baseman,Shooty Babitt,,,,,1,1981-1981
560,Pitcher,Brandon Backe,2004|2005,2005,2005,,8,2002-2009
561,Pitcher,Les Backman,,,,,2,1909-1910
562,Second Baseman|Third Baseman,Wally Backman,1986|1988|1990,1986,1986,1986,14,1980-1993
563,Pinch Hitter|Pitcher,Eddie Bacon,,,,,1,1917-1917
564,Pitcher,Mike Bacsik,,,,,5,1975-1980
565,Pitcher,Mike Bacsik,,,,,5,2001-2007
566,Pitcher,Fred Baczewski,,,,,3,1953-1955
567,Pitcher,Burke Badenhop,,,,,8,2008-2015
568,Leftfielder,Art Bader,,,,,1,1904-1904
569,Pitcher,King Bader,,,,,3,1912-1918
570,Rightfielder|Pinch Hitter,Red Badgro,,,,,2,1929-1930
571,Pitcher,Ed Baecht,,,,,6,1926-1937
572,Pitcher,Cha-Seung Baek,,,,,4,2004-2008
573,Second Baseman|Third Baseman,Carlos Baerga,1995,1995,1995,,14,1990-2005
574,Pitcher,Benito Baez,,,,,1,2001-2001
575,Pitcher,Danys Baez,,,,,10,2001-2011
576,Second Baseman|Shortstop|Third Baseman,Javier Baez,2015,,,,2,2014-2015
577,Second Baseman|Third Baseman,Jose Baez,,,,,2,1977-1978
578,Shortstop,Kevin Baez,,,,,3,1990-1993
579,Pitcher,Pedro Baez,,,,,2,2014-2015
580,Pitcher,Jim Bagby,,,1920,1920,9,1912-1923
581,Pitcher,Jim Bagby,,,1946,,10,1938-1947
582,Pitcher|Outfielder,Ed Bagley,,,,,2,1884-1885
583,Catcher|Rightfielder,Gene Bagley,,,,,1,1886-1886
584,Pinch Hitter|Leftfielder,Bill Bagwell,,,,,2,1923-1925
585,First Baseman,Jeff Bagwell,2004|2005,2005,2005,,15,1991-2005
586,Pitcher,Stan Bahnsen,,,,,16,1966-1982
587,Pitcher,Ed Bahr,,,,,2,1946-1947
588,Outfielder,Frank Bahret,,,,,1,1884-1884
589,Pitcher,Grover Baichley,,,,,1,1914-1914
590,Pitcher,Scott Bailes,,,,,9,1986-1998
591,Pitcher,Andrew Bailey,,,,,6,2009-2015
592,Pitcher,Bill Bailey,,,,,11,1907-1922
593,Outfielder|Third Baseman,Bill Bailey,,,,,1,1911-1911
594,Third Baseman|Leftfielder|First Baseman,Bob Bailey,,,,,17,1962-1978
595,Pitcher,Cory Bailey,,,,,8,1993-2002
596,Catcher,Ed Bailey,,,1962,,14,1953-1966
597,Pinch Hitter|Outfielder,Fred Bailey,,,,,3,1916-1918
598,Outfielder,Gene Bailey,,,,,5,1917-1924
599,Pitcher,Harvey Bailey,,,,,2,1899-1900
600,Pitcher,Homer Bailey,,,,,9,2007-2015
601,Pitcher,Howard Bailey,,,,,3,1981-1983
602,First Baseman|Leftfielder,Jeff Bailey,,,,,3,2007-2009
603,Pitcher,Jim Bailey,,,,,1,1959-1959
604,Pitcher,King Bailey,,,,,1,1895-1895
605,Catcher,Mark Bailey,,,,,7,1984-1992
606,Pitcher,Roger Bailey,,,,,3,1995-1997
607,Pitcher,Steve Bailey,,,,,2,1967-1968
608,Pitcher,Sweetbread Bailey,,,,,3,1919-1921
609,Outfielder|Shortstop|Second Baseman,Bob Bailor,1985,,,,11,1975-1985
610,Pitcher,Loren Bain,,,,,1,1945-1945
611,Designated Hitter|Rightfielder,Harold Baines,1983|1990|1992|1997,1990,1990,,22,1980-2001
612,Pitcher,Doug Bair,1979|1982,1982,1982|1984,1982|1984,15,1976-1990
613,Second Baseman|Shortstop|Third Baseman,Al Baird,,,,,2,1917-1919
614,Pitcher,Bob Baird,,,,,2,1962-1963
615,Third Baseman|Outfielder|Second Baseman,Doug Baird,,,,,6,1915-1920
616,Third Baseman|First Baseman,Jeff Baisley,,,,,1,2008-2008
617,Pitcher,Jeff Bajenaru,,,,,3,2004-2006
618,Pitcher,Dave Bakenhaster,,,,,1,1964-1964
619,Pitcher,Al Baker,,,,,1,1938-1938
620,Catcher,Bill Baker,,,1940,1940,7,1940-1949
621,Pitcher,Bock Baker,,,,,1,1901-1901
622,Rightfielder|Shortstop|Second Baseman,Charlie Baker,,,,,1,1884-1884
623,Shortstop|Second Baseman,Chuck Baker,,,,,3,1978-1981
624,Third Baseman,Dave Baker,,,,,1,1982-1982
625,Catcher,Del Baker,,,,,3,1914-1916
626,Shortstop|Second Baseman,Doug Baker,1984,1984,,,7,1984-1990
627,Outfielder,Dusty Baker,1977|1978|1981|1983,1977|1978|1981,1977|1978|1981,1981,19,1968-1986
628,Pitcher,Ernie Baker,,,,,1,1905-1905
629,Third Baseman|Second Baseman|Shortstop,Floyd Baker,,,1944,,13,1943-1955
630,Outfielder|Pinch Hitter,Frank Baker,,,,,2,1969-1971
631,Shortstop|Second Baseman,Frank Baker,1973|1974,,,,4,1970-1974
632,Second Baseman|Third Baseman|Shortstop,Gene Baker,,,1960,1960,8,1953-1961
633,Catcher|Outfielder|Shortstop,George Baker,,,,,4,1883-1886
634,Third Baseman,Home Run Baker,,,1910|1911|1913|1914|1921|1922,1910|1911|1913,13,1908-1922
635,Third Baseman,Howard Baker,,,,,3,1912-1915
636,First Baseman|Pinch Hitter,Jack Baker,,,,,2,1976-1977
637,Pinch Hitter|Second Baseman|First Baseman,Jeff Baker,2007,2007,2007,,11,2005-2015
638,Pitcher,Jesse Baker,,,,,1,1911-1911
639,Shortstop,Jesse Baker,,,,,1,1919-1919
640,Catcher,John Baker,,,,,7,2008-2014
641,Pitcher|Leftfielder,Kirtley Baker,,,,,5,1890-1899
642,Pitcher,Neal Baker,,,,,1,1927-1927
643,Pitcher|Outfielder,Norm Baker,,,,,3,1883-1890
644,First Baseman|Outfielder|Catcher,Phil Baker,,,,,3,1883-1886
645,Pitcher,Scott Baker,,,,,1,1995-1995
646,Pitcher,Scott Baker,,,,,10,2005-2015
647,Pitcher,Steve Baker,,,,,4,1978-1983
648,Pitcher,Tom Baker,,,,,4,1935-1938
649,Pitcher,Tom Baker,,,,,1,1963-1963
650,First Baseman,Tracy Baker,,,,,1,1911-1911
651,Pitcher|Rightfielder,Jersey Bakley,,,,,6,1883-1891
652,Catcher,Paul Bako,2001|2003,,,,12,1998-2009
653,Pitcher,Mike Balas,,,,,1,1938-1938
654,Leftfielder,John Balaz,,,,,2,1974-1975
655,First Baseman|Designated Hitter,Steve Balboni,1984|1985,1985,1985,1985,11,1981-1993
656,Pinch Runner|Pinch Hitter|Leftfielder,Bobby Balcena,,,,,1,1956-1956
657,Centerfielder,Rocco Baldelli,2008,2008,2008,,7,2003-2010
658,Pitcher,Jack Baldschun,,,,,9,1961-1970
659,Outfielder,Billy Baldwin,,,,,2,1975-1976
660,Pitcher,Dave Baldwin,,,,,6,1966-1973
661,Pinch Hitter|Catcher,Frank Baldwin,,,,,1,1953-1953
662,Pitcher,Harry Baldwin,,,1924,,2,1924-1925
663,Shortstop|Third Baseman,Henry Baldwin,,,,,1,1927-1927
664,Pitcher,James Baldwin,,,,,11,1995-2005
665,Pinch Hitter|Outfielder,Jeff Baldwin,,,,,1,1990-1990
666,Catcher|Outfielder|Third Baseman,Kid Baldwin,,,,,7,1884-1890
667,Pitcher|Outfielder,Lady Baldwin,,,1887,1887,6,1884-1890
668,Pitcher,Mark Baldwin,,,,,7,1887-1893
669,Pitcher,Orson Baldwin,,,,,1,1908-1908
670,Pinch Hitter|Catcher,Reggie Baldwin,,,,,2,1978-1979
671,Pitcher,Rick Baldwin,,,,,3,1975-1977
672,Pitcher,John Bale,,,,,7,1999-2009
673,Shortstop|Leftfielder,Mike Balenti,,,,,2,1911-1913
674,Outfielder,Wladimir Balentien,,,,,3,2007-2009
675,Second Baseman|Pinch Hitter|Pinch Runner,Lee Bales,,,,,2,1966-1967
676,Pitcher,Collin Balester,,,,,6,2008-2015
677,Pitcher,Grant Balfour,2008,2008,2008,,12,2001-2015
678,Third Baseman|Shortstop|Second Baseman,Art Ball,,,,,2,1894-1898
679,Pinch Hitter|First Baseman,Jeff Ball,,,,,1,1998-1998
680,Catcher,Jim Ball,,,,,2,1907-1908
681,Shortstop|Second Baseman|Third Baseman,Neal Ball,,,1912,1912,7,1907-1913
682,Pitcher,Jeff Ballard,,,,,7,1987-1994
683,Third Baseman,Pelham Ballenger,,,,,1,1928-1928
684,Pitcher,Jay Baller,,,,,6,1982-1992
685,Pitcher,Mark Ballinger,,,,,1,1971-1971
686,Pitcher,Win Ballou,,,1925,,4,1925-1929
687,Pitcher,Tony Balsamo,,,,,1,1962-1962
688,Pitcher,George Bamberger,,,,,3,1951-1959
689,Pinch Hitter|Outfielder,Hal Bamberger,,,,,1,1948-1948
690,Catcher|Second Baseman|Third Baseman,Studs Bancker,,,,,1,1875-1875
691,Shortstop,Dave Bancroft,,,1915|1921|1922|1923,1921|1922,16,1915-1930
692,Catcher,Chris Bando,,,,,9,1981-1989
693,Third Baseman,Sal Bando,1971|1972|1973|1974|1975,1972|1973|1974,1972|1973|1974,1972|1973|1974,16,1966-1981
694,Pinch Hitter|Catcher,Jett Bandy,,,,,1,2015-2015
695,Pitcher,Eddie Bane,,,,,3,1973-1976
696,Pitcher,Dick Baney,,,,,3,1969-1974
697,Pinch Hitter,Jeff Banister,,,,,1,1991-1991
698,Pitcher,Dan Bankhead,,,1947,,3,1947-1951
699,Pitcher,Scott Bankhead,,,,,10,1986-1995
700,Pinch Hitter|Leftfielder|First Baseman,Brian Banks,2003,2003,,,6,1996-2003
701,First Baseman|Shortstop,Ernie Banks,,,,,19,1953-1971
702,Pinch Hitter|Third Baseman|Outfielder,George Banks,,,,,5,1962-1966
703,Pitcher,Josh Banks,,,,,4,2007-2010
704,Pitcher,Willie Banks,,,,,9,1991-2002
705,Outfielder|Pinch Hitter,Bill Bankston,,,,,1,1915-1915
706,First Baseman,Wes Bankston,,,,,1,2008-2008
707,Catcher,Jim Banning,,,,,2,1888-1889
708,Outfielder|Second Baseman|Shortstop,Alan Bannister,,,,,12,1974-1985
709,Pitcher,Brian Bannister,,,,,5,2006-2010
710,Pitcher,Floyd Bannister,1983,,,,15,1977-1992
711,Rightfielder,Jimmy Bannon,,,,,4,1893-1896
712,Outfielder|First Baseman,Tom Bannon,,,,,2,1895-1896
713,Pitcher,Jack Banta,,,1949,,4,1947-1950
714,Catcher,Brandon Bantz,,,,,1,2013-2013
715,Pitcher,Manny Banuelos,,,,,1,2015-2015
716,Pitcher,Travis Baptist,,,,,1,1998-1998
717,Catcher,Rod Barajas,,,2001,2001,14,1999-2012
718,Third Baseman|Shortstop|Second Baseman,Walter Barbare,,,,,8,1914-1922
719,Pinch Hitter,Red Barbary,,,,,1,1943-1943
720,Third Baseman|Second Baseman,Jap Barbeau,,,,,4,1905-1910
721,Leftfielder,Dave Barbee,,,,,2,1926-1932
722,Pitcher,Brian Barber,,,,,4,1995-1999
723,Third Baseman,Charlie Barber,,,,,1,1884-1884
724,Pitcher,Steve Barber,,,,,15,1960-1974
725,Pitcher,Steve Barber,,,,,2,1970-1971
726,Outfielder|First Baseman,Turner Barber,,,1918,,9,1915-1923
727,Pitcher,Frank Barberich,,,,,2,1907-1910
728,Second Baseman|Third Baseman|Shortstop,Bret Barberie,,,,,6,1991-1996
729,Outfielder|Pinch Hitter,Jim Barbieri,,,1966,,1,1966-1966
730,Pitcher,Lorenzo Barcelo,,,,,3,2000-2002
731,Pitcher,Curt Barclay,,,,,3,1957-1959
732,Leftfielder,George Barclay,,,,,4,1902-1905
733,Pitcher,Daniel Bard,,,,,5,2009-2013
734,Catcher,Josh Bard,,,,,10,2002-2011
735,Third Baseman|Pinch Hitter|Shortstop,Brian Barden,,,,,4,2007-2010
736,Pitcher,Ray Bare,,,,,5,1972-1977
737,Rightfielder,Jesse Barfield,1985,,,,12,1981-1992
738,Pitcher,John Barfield,,,,,3,1989-1991
739,Second Baseman,Josh Barfield,2007,,,,4,2006-2009
740,Pitcher,Clyde Barfoot,,,,,3,1922-1926
741,Pitcher,Greg Bargar,,,,,3,1983-1986
742,Pitcher|Outfielder,Cy Barger,,,,,7,1906-1915
743,Pitcher,Brian Bark,,,,,1,1995-1995
744,Leftfielder,Al Barker,,,,,1,1871-1871
745,Centerfielder|Pinch Runner,Glen Barker,,,,,3,1999-2001
746,First Baseman|Pinch Hitter,Kevin Barker,,,,,5,1999-2009
747,Pitcher,Len Barker,,,,,11,1976-1987
748,First Baseman|Pinch Hitter,Ray Barker,,,,,4,1960-1967
749,Pitcher,Richie Barker,,,,,1,1999-1999
750,Pinch Hitter|Outfielder,Sean Barker,,,,,1,2007-2007
751,Leftfielder|First Baseman,Andy Barkett,,,,,1,2001-2001
752,Pitcher,Brian Barkley,,,,,1,1998-1998
753,Pitcher,Jeff Barkley,,,,,2,1984-1985
754,Second Baseman|Shortstop|Third Baseman,Red Barkley,,,,,3,1937-1943
755,Second Baseman|First Baseman,Sam Barkley,,,1885,,6,1884-1889
756,Pitcher,Mike Barlow,1979,,,,7,1975-1981
757,Catcher|Shortstop,Tom Barlow,,,,,4,1872-1875
758,Pinch Hitter|Rightfielder,Bruce Barmes,,,,,1,1953-1953
759,Shortstop|Second Baseman,Clint Barmes,,,,,13,2003-2015
760,Leftfielder,Babe Barna,,,,,5,1937-1943
761,Pitcher,Charlie Barnabe,,,,,2,1927-1928
762,Catcher|Pinch Hitter|Second Baseman,Austin Barnes,,,,,1,2015-2015
763,Centerfielder,Bill Barnes,,,,,1,1884-1884
764,Pitcher,Bob Barnes,,,,,1,1924-1924
765,Outfielder,Brandon Barnes,,,,,4,2012-2015
766,Pitcher,Brian Barnes,,,,,5,1990-1994
767,First Baseman,Eppie Barnes,,,,,2,1923-1924
768,Pitcher,Frank Barnes,,,,,2,1929-1930
769,Pitcher|Pinch Runner,Frank Barnes,,,,,3,1957-1960
770,Catcher,Honey Barnes,,,,,1,1926-1926
771,Pitcher,Jesse Barnes,,,1921|1922,1921|1922,13,1915-1927
772,Outfielder,John Barnes,,,,,2,2000-2001
773,Pitcher,Junie Barnes,,,,,1,1934-1934
774,First Baseman|Pinch Hitter|Leftfielder,Larry Barnes,,,,,2,2001-2003
775,Second Baseman|Shortstop,Lute Barnes,,,,,2,1972-1973
776,Pitcher,Matt Barnes,,,,,1,2014-2014
777,Centerfielder|Pinch Hitter,Red Barnes,,,,,4,1927-1930
778,Pitcher,Rich Barnes,,,,,2,1982-1983
779,Second Baseman|Shortstop,Ross Barnes,,,,,9,1871-1881
780,Pinch Runner|Pinch Hitter|Second Baseman,Sam Barnes,,,,,1,1921-1921
781,Pitcher,Scott Barnes,,,,,2,2012-2013
782,Pinch Hitter|Third Baseman|Outfielder,Skeeter Barnes,,,,,9,1983-1994
783,Pitcher,Virgil Barnes,,,1923|1924,,9,1919-1928
784,Centerfielder,Jack Barnett,,,,,1,1907-1907
785,Second Baseman|Shortstop,Darwin Barney,,,,,6,2010-2015
786,Outfielder,Ed Barney,,,,,2,1915-1916
787,Pitcher,Rex Barney,,,1947|1949,,6,1943-1950
788,Outfielder|Third Baseman,Clyde Barnhart,,,1925|1927,1925,9,1920-1928
789,Pitcher,Edgar Barnhart,,,,,1,1924-1924
790,Pitcher,Les Barnhart,,,,,2,1928-1930
791,Catcher,Tucker Barnhart,,,,,2,2014-2015
792,Shortstop|Third Baseman,Vic Barnhart,,,,,3,1944-1946
793,Pitcher,George Barnicle,,,,,3,1939-1941
794,Catcher|Rightfielder,Billy Barnie,,,,,4,1874-1886
795,Pitcher,Ed Barnowski,,,,,2,1965-1966
796,Shortstop|Second Baseman|Third Baseman,Chris Barnwell,,,,,1,2006-2006
797,Pitcher,Salome Barojas,1983,,,,5,1982-1988
798,Catcher,Steven Baron,,,,,1,2015-2015
799,Pitcher,Daniel Barone,,,,,1,2007-2007
800,Shortstop|Pinch Runner,Dick Barone,,,,,1,1960-1960
801,Pitcher|Outfielder,Bob Barr,,,,,5,1883-1891
802,Pitcher,Bob Barr,,,,,1,1935-1935
803,Pitcher,Jim Barr,1971,,,,12,1971-1983
804,Centerfielder|Second Baseman|First Baseman,Scotty Barr,,,,,2,1908-1909
805,Pitcher,Steve Barr,,,,,3,1974-1976
806,Pitcher,Kyle Barraclough,,,,,1,2015-2015
807,Catcher,Cuno Barragan,,,,,3,1961-1963
808,Pinch Hitter|Second Baseman,German Barranca,,,,,4,1979-1982
809,Pitcher,Aaron Barrett,,,,,2,2014-2015
810,Catcher|Shortstop|Rightfielder,Bill Barrett,,,,,3,1871-1873
811,Rightfielder|Shortstop|Second Baseman,Bill Barrett,,,,,9,1921-1930
812,Third Baseman|Second Baseman|First Baseman,Bob Barrett,,,,,5,1923-1929
813,Pitcher,Dick Barrett,,,,,5,1933-1945
814,Pitcher,Frank Barrett,,,,,5,1939-1950
815,Centerfielder,Jimmy Barrett,,,,,10,1899-1908
816,Leftfielder,John Barrett,,,,,1,1872-1872
817,Outfielder,Johnny Barrett,,,,,5,1942-1946
818,Catcher|Rightfielder,Marty Barrett,,,,,1,1884-1884
819,Second Baseman,Marty Barrett,1986|1988|1990,1986,1986,,10,1982-1991
820,Catcher|Third Baseman,Michael Barrett,,,,,12,1998-2009
821,Pitcher,Red Barrett,,,1948,,11,1937-1949
822,Pitcher,Tim Barrett,,,,,1,1988-1988
823,Pinch Hitter|Second Baseman,Tom Barrett,,,,,3,1988-1992
824,Pitcher,Francisco Barrios,,,,,7,1974-1981
825,First Baseman|Pinch Hitter,Jose Barrios,,,,,1,1982-1982
826,Pitcher,Manuel Barrios,,,,,2,1997-1998
827,Pitcher,Yhonathan Barrios,,,,,1,2015-2015
828,Pitcher,Frank Barron,,,,,1,1914-1914
829,Leftfielder|Pinch Runner,Red Barron,,,,,1,1929-1929
830,Rightfielder,Tony Barron,,,,,2,1996-1997
831,Outfielder,Cuke Barrows,,,,,4,1909-1912
832,Leftfielder|Second Baseman,Frank Barrows,,,,,1,1871-1871
833,Pitcher,Ed Barry,,,,,3,1905-1907
834,Pitcher,Hardin Barry,,,,,1,1912-1912
835,Shortstop|Second Baseman,Jack Barry,,,1910|1911|1913|1914|1915,1910|1911|1913|1915,11,1908-1919
836,Outfielder|Pinch Hitter,Jeff Barry,,,,,3,1995-1999
837,Pitcher,Kevin Barry,,,,,2,2006-2007
838,Pinch Hitter|Leftfielder,Rich Barry,,,,,1,1969-1969
839,Outfielder|First Baseman|Second Baseman,Shad Barry,,,,,10,1899-1908
840,Pitcher,Tom Barry,,,,,1,1904-1904
841,Centerfielder,Kimera Bartee,,,,,6,1996-2001
842,Shortstop|Third Baseman|Second Baseman,Dick Bartell,,,1936|1937|1940,,18,1927-1946
843,Pitcher,Bob Barthelson,,,,,1,1944-1944
844,Pitcher,Jimmy Barthmaier,,,,,1,2008-2008
845,Pitcher,John Barthold,,,,,1,1904-1904
846,Pitcher,Les Bartholomew,,,,,2,1928-1932
847,First Baseman,Tony Bartirome,,,,,1,1952-1952
848,Shortstop,Jason Bartlett,2008,2008,2008,,10,2004-2014
849,Pitcher,Bill Bartley,,,,,3,1903-1907
850,Shortstop,Boyd Bartley,,,,,1,1943-1943
851,Shortstop|Third Baseman,Irv Bartling,,,,,1,1938-1938
852,Catcher,Bob Barton,,,,,10,1965-1974
853,Leftfielder|Pinch Hitter,Brian Barton,,,,,2,2008-2009
854,First Baseman,Daric Barton,,,,,8,2007-2014
855,Catcher|First Baseman|Third Baseman,Harry Barton,,,,,1,1905-1905
856,Pitcher,Shawn Barton,,,,,3,1992-1996
857,Rightfielder,Vince Barton,,,,,2,1931-1932
858,Pinch Hitter|Outfielder,Dave Bartosch,,,,,1,1945-1945
859,Pitcher,Cliff Bartosh,,,,,2,2004-2005
860,Pitcher,Charlie Bartson,,,,,1,1890-1890
861,Pitcher,Philip Barzilla,,,,,1,2006-2006
862,Third Baseman|Shortstop,Chris Basak,,,,,1,2007-2007
863,Second Baseman,Monty Basgall,,,,,3,1948-1951
864,Leftfielder,Al Bashang,,,,,2,1912-1918
865,Centerfielder|Pinch Hitter|Third Baseman,Walt Bashore,,,,,1,1936-1936
866,Shortstop|Second Baseman,Eddie Basinski,,,,,3,1944-1947
867,Pitcher,Jim Baskette,,,,,3,1911-1913
868,Pitcher,Anthony Bass,,,,,5,2011-2015
869,Pitcher,Brian Bass,,,,,3,2008-2010
870,Pitcher,Dick Bass,,,,,1,1939-1939
871,Pinch Hitter|Pinch Runner,Doc Bass,,,,,1,1918-1918
872,Shortstop|Outfielder|Catcher,John Bass,,,,,3,1871-1877
873,Rightfielder,Kevin Bass,1986,,,,14,1982-1995
874,Pitcher,Norm Bass,,,,,3,1961-1963
875,First Baseman|Pinch Hitter,Randy Bass,,,,,6,1977-1982
876,Second Baseman|Third Baseman|Shortstop,Charley Bassett,,,,,9,1884-1892
877,Pitcher,Chris Bassitt,,,,,2,2014-2015
878,Catcher,Johnny Bassler,,,,,9,1913-1927
879,Pitcher,Antonio Bastardo,2009|2010,2009,,,7,2009-2015
880,Shortstop|Second Baseman|Third Baseman,Charlie Bastian,,,,,8,1884-1891
881,Third Baseman|Leftfielder,Emil Batch,,,,,4,1904-1907
882,Pitcher,Joe Batchelder,,,,,3,1923-1925
883,Pitcher,Rich Batchelor,,,,,3,1993-1997
884,Catcher,John Bateman,,,,,10,1963-1972
885,First Baseman|Pinch Runner,Aaron Bates,,,,,1,2009-2009
886,Second Baseman|Pinch Runner,Billy Bates,1990,1990,1990,1990,2,1989-1990
887,Centerfielder,Bud Bates,,,,,1,1939-1939
888,Rightfielder,Charlie Bates,,,,,1,1927-1927
889,Catcher,Del Bates,,,,,1,1970-1970
890,Pitcher,Dick Bates,,,,,1,1969-1969
891,Pitcher|Outfielder,Frank Bates,,,,,2,1898-1899
892,Second Baseman|Pinch Hitter|Shortstop,Jason Bates,,,,,4,1995-1998
893,Pitcher,John Bates,,,,,1,1889-1889
894,Outfielder,Johnny Bates,,,,,9,1906-1914
895,Third Baseman,Ray Bates,,,,,2,1913-1917
896,Pinch Hitter|Catcher,Bill Bathe,1989,1989,1989,,3,1986-1990
897,Pitcher,Miguel Batista,2001,2001,2001,2001,18,1992-2012
898,Pinch Hitter|First Baseman,Rafael Batista,,,,,2,1973-1975
899,Third Baseman|Shortstop|Second Baseman,Tony Batista,,,,,11,1996-2007
900,Outfielder|Pinch Runner,Kevin Batiste,,,,,1,1989-1989
901,Third Baseman|Shortstop,Kim Batiste,1993,1993,1993,,5,1991-1996
902,Pinch Hitter,Bill Batsch,,,,,1,1916-1916
903,Third Baseman,Larry Battam,,,,,1,1895-1895
904,Second Baseman,George Batten,,,,,1,1912-1912
905,Catcher,Earl Battey,,,1965,,13,1955-1967
906,Third Baseman|Second Baseman,Joe Battin,,,,,10,1871-1890
907,Outfielder,Allen Battle,,,,,2,1995-1996
908,Pinch Hitter|Third Baseman,Howard Battle,1999,1999,1999,,3,1995-1999
909,Third Baseman|Shortstop,Jim Battle,,,,,1,1927-1927
910,Pitcher,Chris Batton,,,,,1,1976-1976
911,Catcher,Matt Batts,,,,,10,1947-1956
912,Pitcher,Al Bauer,,,,,2,1884-1886
913,Rightfielder,Hank Bauer,,,1949|1950|1951|1952|1953|1955|1956|1957|1958,1949|1950|1951|1952|1953|1956|1958,14,1948-1961
914,Pitcher,Lou Bauer,,,,,1,1918-1918
915,Pitcher,Rick Bauer,,,,,7,2001-2008
916,Pitcher,Trevor Bauer,,,,,4,2012-2015
917,Pitcher,Russ Bauers,,,,,8,1936-1950
918,Second Baseman|Shortstop,Justin Baughman,,,,,2,1998-2000
919,Pitcher,Frank Baumann,,,,,11,1955-1965
920,Second Baseman|Third Baseman|Outfielder,Paddy Baumann,,,,,7,1911-1917
921,Second Baseman|Shortstop,Jim Baumer,,,,,2,1949-1961
922,Pitcher,George Baumgardner,,,,,5,1912-1916
923,Pitcher,Ross Baumgarten,,,,,5,1978-1982
924,Pitcher,Harry Baumgartner,,,,,1,1920-1920
925,Third Baseman,John Baumgartner,,,,,1,1953-1953
926,Pitcher,Stan Baumgartner,,,,,8,1914-1926
927,Outfielder,Frank Baumholtz,,,,,10,1947-1957
928,Pitcher,George Bausewine,,,,,1,1889-1889
929,Pitcher,Ed Bauta,,,,,5,1960-1964
930,Outfielder,Danny Bautista,1997|1998|2001,2001,2001,2001,12,1993-2004
931,Pitcher,Denny Bautista,,,,,7,2004-2010
932,Pitcher,Jose Bautista,,,,,9,1988-1997
933,Rightfielder|Third Baseman,Jose Bautista,2015,,,,12,2004-2015
934,Second Baseman|Third Baseman,Jim Baxes,,,,,1,1959-1959
935,Shortstop|Second Baseman,Mike Baxes,,,,,2,1956-1958
936,Outfielder|Pinch Hitter,Mike Baxter,,,,,6,2010-2015
937,First Baseman,Moose Baxter,,,,,1,1907-1907
938,Centerfielder,Harry Bay,,,,,8,1901-1908
939,Leftfielder,Jason Bay,2008,,,,11,2003-2013
940,Shortstop,Burley Bayer,,,,,1,1899-1899
941,Rightfielder,Dick Bayless,,,,,1,1908-1908
942,Pitcher,Jonah Bayliss,,,,,3,2005-2007
943,Designated Hitter|Leftfielder|First Baseman,Don Baylor,1973|1974|1979|1982|1986|1987|1988,1986|1987|1988,1986|1987|1988,1987,19,1970-1988
944,Pitcher,Bill Bayne,,,,,9,1919-1930
945,Pitcher,Yorman Bazardo,,,,,4,2005-2009
946,Rightfielder,Jack Beach,,,,,1,1884-1884
947,Pitcher,Brandon Beachy,,,,,5,2010-2015
948,Catcher|Rightfielder,Dave Beadle,,,,,1,1884-1884
949,Pinch Hitter|First Baseman|Leftfielder,Bob Beall,,,,,4,1975-1980
950,Outfielder,Johnny Beall,,,,,4,1913-1918
951,Pitcher,Walter Beall,,,,,5,1924-1929
952,Outfielder|Second Baseman|Catcher,Tommy Beals,,,,,6,1871-1880
953,Pitcher,Alex Beam,,,,,1,1889-1889
954,Pitcher|Leftfielder,Ernie Beam,,,,,1,1895-1895
955,Pitcher,T.J. Beam,,,,,2,2006-2008
956,Pitcher,Charlie Beamon,,,,,3,1956-1958
957,Pinch Hitter|Pinch Runner|Designated Hitter,Charlie Beamon,,,,,3,1978-1981
958,Pinch Hitter|Outfielder,Trey Beamon,,,,,3,1996-1998
959,Pitcher,Belve Bean,,,,,5,1930-1935
960,Outfielder|Pinch Hitter|First Baseman,Bill Bean,,,,,6,1987-1995
961,Pitcher,Colter Bean,,,,,3,2005-2007
962,Shortstop,Joe Bean,,,,,1,1902-1902
963,Outfielder,Billy Beane,,,,,6,1984-1989
964,Pitcher,Dave Beard,1981,,,,7,1980-1989
965,Pitcher,Mike Beard,,,,,4,1974-1977
966,Shortstop|Third Baseman,Ollie Beard,,,,,3,1889-1891
967,Pitcher,Ralph Beard,,,,,1,1954-1954
968,Outfielder,Ted Beard,,,,,7,1948-1958
969,Pitcher,Gene Bearden,,,1948,1948,7,1947-1953
970,Pitcher,Gary Beare,,,,,2,1976-1977
971,Pitcher,Larry Bearnarth,,,,,5,1963-1971
972,Pitcher,Kevin Bearse,,,,,1,1990-1990
973,Pitcher,Chris Beasley,,,,,1,1991-1991
974,Leftfielder,Lew Beasley,,,,,1,1977-1977
975,Pitcher,Ed Beatin,,,,,5,1887-1891
976,Pitcher,Pedro Beato,,,,,4,2011-2014
977,Pitcher,Jim Beattie,1978,1978,1978,1978,9,1978-1986
978,Pitcher,Blaine Beatty,,,,,2,1989-1991
979,Shortstop|Third Baseman,Desmond Beatty,,,,,1,1914-1914
980,Pinch Hitter|First Baseman|Outfielder,Jim Beauchamp,,,1973,,10,1963-1973
981,Centerfielder,Ginger Beaumont,,,1903|1910,,12,1899-1910
982,Pitcher,Blake Beavan,,,,,4,2011-2014
983,Second Baseman|Shortstop|Leftfielder,Edward Beavens,,,,,2,1871-1872
984,Pitcher,Johnny Beazley,,,1942|1946,1942|1946,6,1941-1949
985,Pitcher|Third Baseman,Buck Becannon,,,1884,,3,1884-1887
986,Pitcher,Steve Bechler,,,,,1,2002-2002
987,Rightfielder|Pitcher,George Bechtel,,,,,6,1871-1876
988,Pitcher,Boom-Boom Beck,,,,,12,1924-1945
989,Pitcher,Chad Beck,,,,,2,2011-2012
990,Pitcher,Chris Beck,,,,,1,2015-2015
991,Third Baseman|Second Baseman|Shortstop,Clyde Beck,,,,,6,1926-1931
992,Second Baseman|First Baseman|Rightfielder,Erve Beck,,,,,3,1899-1902
993,Pitcher|Rightfielder,Frank Beck,,,,,1,1884-1884
994,First Baseman|Outfielder,Fred Beck,,,,,5,1909-1915
995,Pitcher,George Beck,,,,,1,1914-1914
996,Pitcher,Rich Beck,,,,,1,1965-1965
997,Pitcher,Rod Beck,1999,,,,13,1991-2004
998,Third Baseman|Shortstop,Zinn Beck,,,,,5,1913-1918
999,Catcher,Heinie Beckendorf,,,,,2,1909-1910
1000,Outfielder,Beals Becker,,,1911|1912|1915,,8,1908-1915
1001,Pitcher,Bob Becker,,,,,2,1897-1898
1002,Pitcher,Charlie Becker,,,,,2,1911-1912
1003,First Baseman|Pinch Hitter,Heinz Becker,,,1945,,4,1943-1947
1004,Catcher|Pinch Hitter,Joe Becker,,,,,2,1936-1937
1005,Centerfielder,Marty Becker,,,,,1,1915-1915
1006,Outfielder,Rich Becker,,,,,8,1993-2000
1007,Second Baseman,Glenn Beckert,,,,,11,1965-1975
1008,Pitcher,Josh Beckett,2003|2007|2008,2003|2007,2003|2007,2003|2007,14,2001-2014
1009,Pitcher,Robbie Beckett,,,,,2,1996-1997
1010,Second Baseman|Third Baseman,Gordon Beckham,,,,,7,2009-2015
1011,Second Baseman|Shortstop,Tim Beckham,,,,,2,2013-2015
1012,First Baseman,Jake Beckley,,,,,20,1888-1907
1013,Pitcher,Jim Beckman,,,,,2,1927-1928
1014,Pitcher,Bill Beckmann,,,,,4,1939-1942
1015,Pitcher,Joe Beckwith,1983,,1985,1985,7,1979-1986
1016,Pinch Hitter|First Baseman,Julio Becquer,,,,,7,1955-1963
1017,Pitcher,Erik Bedard,,,,,11,2002-2014
1018,Leftfielder|Pinch Hitter,Howie Bedell,,,,,2,1962-1968
1019,Second Baseman,Gene Bedford,,,,,1,1925-1925
1020,Pitcher,Phil Bedgood,,,,,2,1922-1923
1021,Pitcher,Hugh Bedient,,,1912,1912,4,1912-1915
1022,Pitcher,Andy Bednar,,,,,2,1930-1931
1023,Pitcher,Cam Bedrosian,,,,,2,2014-2015
1024,Pitcher,Steve Bedrosian,1982|1989|1991,1989|1991,1989|1991,1991,14,1981-1995
1025,Pitcher,Fred Beebe,,,,,7,1906-1916
1026,Pitcher,Matt Beech,,,,,3,1996-1998
1027,Outfielder,Ed Beecher,,,,,4,1887-1891
1028,Pitcher,Roy Beecher,,,,,2,1907-1908
1029,Pitcher,Dallas Beeler,,,,,2,2014-2015
1030,Pinch Runner|Pinch Hitter|Second Baseman,Jodie Beeler,,,,,1,1944-1944
1031,Pitcher,Andy Beene,,,,,2,1983-1984
1032,Pitcher,Fred Beene,,,,,7,1968-1975
1033,Pitcher,Clarence Beers,,,,,1,1948-1948
1034,Pitcher,Joe Beggs,,,1940,1940,9,1938-1948
1035,Second Baseman,Jim Begley,,,,,1,1924-1924
1036,Pitcher,Petie Behan,,,,,3,1921-1923
1037,Outfielder,Steve Behel,,,,,2,1884-1886
1038,Pitcher,Rick Behenna,,,,,3,1983-1985
1039,Pitcher,Mel Behney,,,,,1,1970-1970
1040,Pitcher,Hank Behrman,,,1947,,4,1946-1949
1041,Pitcher,Joe Beimel,2008,,,,13,2001-2015
1042,Pitcher,Kevin Beirne,,,,,3,2000-2002
1043,Second Baseman|Shortstop|Third Baseman,Ollie Bejma,,,,,4,1934-1939
1044,Shortstop,Mark Belanger,1969|1970|1971|1973|1974|1979,1969|1970|1971|1979,1969|1970|1971|1979,1970,18,1965-1982
1045,First Baseman|Pinch Hitter,Wayne Belardi,,,1953,,6,1950-1956
1046,Pinch Runner|Outfielder,Kevin Belcher,,,,,1,1990-1990
1047,Pitcher,Tim Belcher,1988|1993|1995,1988,1988,1988,14,1987-2000
1048,Rightfielder,Ira Belden,,,,,1,1897-1897
1049,Pitcher,Mike Belfiore,,,,,1,2013-2013
1050,Pitcher,Stan Belinda,1990|1991|1992,,,,12,1989-2000
1051,Pitcher,Bo Belinsky,,,,,8,1962-1970
1052,Pitcher,Ronald Belisario,2009|2013,,,,6,2009-2015
1053,Pitcher,Matt Belisle,,,,,12,2003-2015
1054,Pitcher,Todd Belitz,,,,,2,2000-2001
1055,Pitcher,Jeff Beliveau,,,,,4,2012-2015
1056,First Baseman|Pinch Hitter,Tim Belk,,,,,1,1996-1996
1057,Rightfielder|First Baseman,Beau Bell,,,,,7,1935-1941
1058,Pitcher,Bill Bell,,,,,2,1952-1955
1059,Third Baseman|Outfielder,Buddy Bell,,,,,18,1972-1989
1060,Pitcher|Leftfielder,Charlie Bell,,,,,2,1889-1891
1061,Third Baseman|Second Baseman,David Bell,2000|2001|2002,2002,2002,,12,1995-2006
1062,Outfielder,Derek Bell,1992,1992,1992,1992,11,1991-2001
1063,Pitcher,Eric Bell,,,,,6,1985-1993
1064,Outfielder,Fern Bell,,,,,2,1939-1940
1065,Catcher|Centerfielder|Third Baseman,Frank Bell,,,,,1,1885-1885
1066,Pitcher,Gary Bell,,,1967,,12,1958-1969
1067,Pitcher,George Bell,,,,,5,1907-1911
1068,Leftfielder,George Bell,1985|1989,,,,12,1981-1993
1069,Outfielder,Gus Bell,,,1961,,15,1950-1964
1070,Pitcher,Heath Bell,,,,,11,2004-2014
1071,Pitcher,Hi Bell,,,1926|1930|1933,1926|1933,8,1924-1934
1072,Shortstop|Second Baseman,Jay Bell,1990|1991|1992|2001,2001,2001,2001,18,1986-2003
1073,Pitcher,Jerry Bell,,,,,4,1971-1974
1074,Third Baseman,Josh Bell,,,,,3,2010-2012
1075,Second Baseman|Shortstop,Juan Bell,,,,,7,1989-1995
1076,Third Baseman,Kevin Bell,,,,,6,1976-1982
1077,Third Baseman|Shortstop,Les Bell,,,1926,1926,9,1923-1931
1078,First Baseman|Pinch Hitter,Mike Bell,,,,,2,1990-1991
1079,Third Baseman|Pinch Hitter,Mike Bell,,,,,1,2000-2000
1080,Pitcher,Ralph Bell,,,,,1,1912-1912
1081,Pitcher,Rob Bell,,,,,7,2000-2007
1082,Leftfielder,Rudy Bell,,,,,1,1907-1907
1083,Catcher,Terry Bell,,,,,2,1986-1987
1084,Pitcher,Trevor Bell,,,,,4,2009-2014
1085,Outfielder|Pinch Hitter,Zeke Bella,,,,,2,1957-1959
1086,Third Baseman|Shortstop|Centerfielder,Steve Bellan,,,,,3,1871-1873
1087,Pitcher,Andrew Bellatti,,,,,1,2015-2015
1088,Leftfielder,Albert Belle,1995,1995,1995,,12,1989-2000
1089,Second Baseman|Third Baseman|First Baseman,Mark Bellhorn,2004,2004,2004,2004,10,1997-2007
1090,Shortstop|Second Baseman,Rafael Belliard,1991|1992|1993|1995|1996,1991|1992|1995|1996,1991|1992|1995|1996,1995,17,1982-1998
1091,Second Baseman|Third Baseman|First Baseman,Ronnie Belliard,2006|2009,2006,2006,2006,13,1998-2010
1092,Outfielder|Third Baseman|First Baseman,Clay Bellinger,1999|2000|2001,1999|2000|2001,2000|2001,2000,4,1999-2002
1093,Catcher,Jack Bellman,,,,,1,1889-1889
1094,Shortstop|Third Baseman|Second Baseman,Rob Belloir,,,,,4,1975-1978
1095,Catcher,Edwin Bellorin,,,,,3,2007-2009
1096,Designated Hitter,Vince Belnome,,,,,1,2014-2014
1097,Pitcher,Duane Below,,,,,3,2011-2013
1098,First Baseman|Leftfielder,Brandon Belt,2012|2014,2012|2014,2012|2014,2012|2014,5,2011-2015
1099,Centerfielder,Carlos Beltran,2004|2006|2012|2013,2013,2013,,18,1998-2015
1100,Pitcher,Francis Beltran,,,,,3,2002-2008
1101,Pitcher,Rigo Beltran,,,,,5,1997-2004
1102,Third Baseman,Adrian Beltre,2011,2011,2011,,18,1998-2015
1103,Outfielder|Pinch Runner,Engel Beltre,,,,,1,2013-2013
1104,Shortstop|Second Baseman|Third Baseman,Esteban Beltre,,,,,5,1991-1996
1105,Pitcher,Omar Beltre,,,,,1,2010-2010
1106,Catcher|First Baseman,Harry Bemis,,,,,9,1902-1910
1107,Outfielder,Marvin Benard,,,,,9,1995-2003
1108,Shortstop|Second Baseman|Third Baseman,Freddie Benavides,,,,,4,1991-1994
1109,Catcher|Third Baseman|First Baseman,Johnny Bench,1970|1972|1973|1975|1976|1979,1970|1972|1975|1976,1970|1972|1975|1976,1975|1976,17,1967-1983
1110,Pitcher,Chief Bender,,,1905|1910|1911|1913|1914,1910|1911|1913,16,1903-1925
1111,Second Baseman,Art Benedict,,,,,1,1883-1883
1112,Catcher,Bruce Benedict,1982,,,,12,1978-1989
1113,Pitcher,Alan Benes,1996,,,,8,1995-2003
1114,Pitcher,Andy Benes,1995|1996|2000|2002,,,,14,1989-2002
1115,Shortstop|Second Baseman|Third Baseman,Joe Benes,,,,,1,1931-1931
1116,Pitcher,Ray Benge,,,,,12,1925-1938
1117,Catcher,Benny Bengough,,,1927|1928,1927|1928,10,1923-1932
1118,Outfielder|First Baseman,Juan Beniquez,1975|1982,1975,1975,,17,1971-1988
1119,Pitcher,Armando Benitez,1996|1997|1999|2000,2000,2000,,15,1994-2008
1120,Outfielder|Pinch Hitter,Yamil Benitez,,,,,4,1995-1998
1121,Shortstop|Third Baseman|Second Baseman,Mike Benjamin,,,,,13,1989-2002
1122,Outfielder|First Baseman,Stan Benjamin,,,,,5,1939-1945
1123,Pitcher,Henry Benn,,,,,1,1914-1914
1124,Leftfielder,Ike Benners,,,,,1,1884-1884
1125,Pitcher,Bugs Bennett,,,,,2,1918-1921
1126,Catcher|Outfielder,Charlie Bennett,,,1887,1887,15,1878-1893
1127,Pitcher,Dave Bennett,,,,,1,1964-1964
1128,Pitcher,Dennis Bennett,,,,,7,1962-1968
1129,Pitcher,Erik Bennett,,,,,2,1995-1996
1130,Pitcher,Frank Bennett,,,,,2,1927-1928
1131,Rightfielder|Pinch Hitter,Fred Bennett,,,,,2,1928-1931
1132,Catcher,Gary Bennett,2006,2006,,,13,1995-2008
1133,Outfielder|Pinch Hitter,Herschel Bennett,,,,,5,1923-1927
1134,Pitcher,Jeff Bennett,,,,,4,2004-2009
1135,Third Baseman,Joe Bennett,,,,,1,1923-1923
1136,Pitcher,Joel Bennett,,,,,2,1998-1999
1137,Second Baseman,Pug Bennett,,,,,2,1906-1907
1138,Pitcher,Shayne Bennett,,,,,3,1997-1999
1139,Pitcher,Joaquin Benoit,2011|2012|2013,2012,2012,,14,2001-2015
1140,Pitcher,Allen Benson,,,,,1,1934-1934
1141,Outfielder,Joe Benson,,,,,1,2011-2011
1142,Pitcher,Kris Benson,,,,,9,1999-2010
1143,Third Baseman|Pinch Hitter|Leftfielder,Vern Benson,,,,,5,1943-1953
1144,Pitcher|Rightfielder,Cy Bentley,,,,,1,1872-1872
1145,Pitcher|Pinch Hitter|First Baseman,Jack Bentley,,,1923|1924,,9,1913-1927
1146,Pitcher,Al Benton,,,1945,1945,14,1934-1952
1147,Catcher,Butch Benton,,,,,4,1978-1985
1148,Pitcher,Larry Benton,,,,,13,1923-1935
1149,Second Baseman,Rabbit Benton,,,,,1,1922-1922
1150,Pitcher,Rube Benton,,,1917,,15,1910-1925
1151,Pitcher,Sid Benton,,,,,1,1922-1922
1152,Pitcher,Chad Bentz,,,,,2,2004-2005
1153,Pitcher,Joe Benz,,,,,9,1911-1919
1154,First Baseman|Outfielder,Todd Benzinger,1988|1990,1990,1990,1990,9,1987-1995
1155,Second Baseman|Shortstop|Third Baseman,Johnny Berardino,,,,,11,1939-1952
1156,Catcher,Lou Berberet,,,,,7,1954-1960
1157,Second Baseman|Pinch Hitter,Jeff Berblinger,,,,,1,1997-1997
1158,Pitcher,Jason Bere,1993,,,,11,1993-2003
1159,Pitcher,Juan Berenguer,1987,1987,1987,1987,15,1978-1992
1160,Pitcher,Bruce Berenyi,,,,,7,1980-1986
1161,Second Baseman|Shortstop|Third Baseman,Dave Berg,,,,,7,1998-2004
1162,Pitcher,Justin Berg,,,,,3,2009-2011
1163,Catcher|Shortstop,Moe Berg,,,,,15,1923-1939
1164,Rightfielder|Pinch Hitter,Augie Bergamo,,,1944,1944,2,1944-1945
1165,Catcher,Bill Bergen,,,,,11,1901-1911
1166,Catcher,Marty Bergen,,,,,4,1896-1899
1167,Second Baseman|Shortstop|Third Baseman,Boze Berger,,,,,6,1932-1939
1168,Outfielder,Brandon Berger,,,,,4,2001-2004
1169,Rightfielder,Clarence Berger,,,,,1,1914-1914
1170,Pitcher,Heinie Berger,,,,,4,1907-1910
1171,Second Baseman|Shortstop|Third Baseman,Joe Berger,,,,,2,1913-1914
1172,Catcher,Johnny Berger,,,,,2,1922-1927
1173,Shortstop|Catcher|Rightfielder,Tun Berger,,,,,3,1890-1892
1174,Centerfielder,Wally Berger,,,1937|1939,,11,1930-1940
1175,Centerfielder,Peter Bergeron,,,,,5,1999-2004
1176,Pitcher,Brad Bergesen,,,,,4,2009-2012
1177,Catcher|Centerfielder,John Bergh,,,,,2,1876-1880
1178,Shortstop|Second Baseman,Marty Berghammer,,,,,4,1911-1915
1179,Pinch Hitter|Second Baseman,Al Bergman,,,,,1,1916-1916
1180,Pitcher,Christian Bergman,,,,,2,2014-2015
1181,First Baseman|Pinch Hitter|Leftfielder,Dave Bergman,1980|1984|1987,1984,1984,1984,17,1975-1992
1182,Pitcher,Dusty Bergman,,,,,1,2004-2004
1183,Pitcher,Sean Bergman,,,,,8,1993-2000
1184,Pitcher,Jason Bergmann,,,,,6,2005-2010
1185,Second Baseman|Pinch Hitter|Shortstop,William Bergolla,,,,,1,2005-2005
1186,Leftfielder,Frank Berkelbach,,,,,1,1884-1884
1187,Pitcher,Jason Berken,,,,,4,2009-2012
1188,Rightfielder,Nate Berkenstock,,,,,1,1871-1871
1189,Outfielder|First Baseman,Lance Berkman,2004|2005|2010|2011,2005|2011,2005|2011,2011,15,1999-2013
1190,Pitcher,Jack Berly,,,,,4,1924-1933
1191,Catcher|Pinch Runner,Bob Berman,,,,,1,1918-1918
1192,Outfielder,Roger Bernadina,,,,,7,2008-2014
1193,Pitcher,Victor Bernal,,,,,1,1977-1977
1194,Rightfielder|Second Baseman|Shortstop,Curt Bernard,,,,,2,1900-1901
1195,Pitcher,Dwight Bernard,1982,1982,1982,,4,1978-1982
1196,Pitcher,Joe Bernard,,,,,1,1909-1909
1197,Second Baseman,Tony Bernazard,,,,,10,1979-1991
1198,Pitcher,Adam Bernero,,,,,7,2000-2006
1199,Pitcher,Bill Bernhard,,,,,9,1899-1907
1200,Designated Hitter|Third Baseman|First Baseman,Juan Bernhardt,,,,,4,1976-1979
1201,Pitcher,Walter Bernhardt,,,,,1,1918-1918
1202,Outfielder,Carlos Bernier,,,,,1,1953-1953
1203,Shortstop|Pinch Runner|Second Baseman,Doug Bernier,,,,,4,2008-2015
1204,Shortstop|Second Baseman,Johnny Bero,,,,,2,1948-1951
1205,Shortstop|Third Baseman,Dale Berra,,,,,11,1977-1987
1206,Catcher|Outfielder,Yogi Berra,,,1947|1949|1950|1951|1952|1953|1955|1956|1957|1958|1960|1961|1962|1963,1947|1949|1950|1951|1952|1953|1956|1958|1961|1962,19,1946-1965
1207,Leftfielder,Dennis Berran,,,,,1,1912-1912
1208,Catcher,Ray Berres,,,,,11,1934-1945
1209,Shortstop,Angel Berroa,2008,,,,9,2001-2009
1210,Rightfielder|Designated Hitter,Geronimo Berroa,1997,,,,11,1989-2000
1211,Second Baseman|Centerfielder,Charlie Berry,,,,,1,1884-1884
1212,Catcher,Charlie Berry,,,,,11,1925-1938
1213,Catcher,Claude Berry,,,,,5,1904-1915
1214,Catcher,Joe Berry,,,,,1,1902-1902
1215,Pinch Runner|Second Baseman,Joe Berry,,,,,2,1921-1922
1216,Pitcher,Joe Berry,,,,,4,1942-1946
1217,Centerfielder,Ken Berry,,,,,14,1962-1975
1218,Shortstop|Second Baseman|Third Baseman,Neil Berry,,,,,7,1948-1954
1219,Outfielder,Quintin Berry,2012|2013,2012|2013,2012|2013,2013,4,2012-2015
1220,Third Baseman|First Baseman,Sean Berry,,,,,11,1990-2000
1221,Rightfielder,Tom Berry,,,,,1,1871-1871
1222,Catcher,Damon Berryhill,1992|1993,1992,1992,,10,1987-1997
1223,Pitcher,Frank Bertaina,,,,,7,1964-1970
1224,Second Baseman|Shortstop,Harry Berte,,,,,1,1903-1903
1225,Catcher,Dick Bertell,,,,,7,1960-1967
1226,Leftfielder|Second Baseman|Catcher,Harry Berthrong,,,,,1,1871-1871
1227,Third Baseman|Second Baseman|Shortstop,Reno Bertoia,,,,,10,1953-1962
1228,Pitcher,Mike Bertotti,,,,,3,1995-1997
1229,Pitcher,Lefty Bertrand,,,,,1,1936-1936
1230,Pitcher,Andres Berumen,,,,,2,1995-1996
1231,Pitcher,Fred Besana,,,,,1,1956-1956
1232,Leftfielder,Bob Bescher,,,,,11,1908-1918
1233,Pitcher,Herman Besse,,,,,5,1940-1946
1234,Pitcher,Don Bessent,,,1955|1956,1955,4,1955-1958
1235,Pitcher,Karl Best,,,,,5,1983-1988
1236,Catcher|Shortstop,William Bestick,,,,,1,1872-1872
1237,Pinch Hitter|Outfielder|Pinch Runner,Jim Beswick,,,,,1,1978-1978
1238,Pitcher,Dellin Betances,,,,,4,2011-2015
1239,Pitcher,Rafael Betancourt,2007,,,,12,2003-2015
1240,Shortstop|First Baseman|Third Baseman,Yuniesky Betancourt,2011,,,,9,2005-2013
1241,Shortstop|Third Baseman|Second Baseman,Frank Betcher,,,,,1,1910-1910
1242,Third Baseman|First Baseman|Shortstop,Wilson Betemit,2011,,,,11,2001-2013
1243,Catcher,Christian Bethancourt,,,,,3,2013-2015
1244,Second Baseman|Shortstop,Bill Bethea,,,,,1,1964-1964
1245,Pitcher,Jim Bethke,,,,,1,1965-1965
1246,Rightfielder|Pinch Hitter|Third Baseman,Larry Bettencourt,,,,,3,1928-1932
1247,Pitcher,Jeff Bettendorf,,,,,1,1984-1984
1248,Pitcher,Chad Bettis,,,,,3,2013-2015
1249,Pitcher,Harry Betts,,,,,2,1903-1913
1250,Pitcher,Huck Betts,,,,,10,1920-1935
1251,Centerfielder|Second Baseman,Mookie Betts,,,,,2,2014-2015
1252,Second Baseman|Third Baseman|Outfielder,Bruno Betzel,,,,,5,1914-1918
1253,Pinch Hitter|Third Baseman|Second Baseman,Kurt Bevacqua,1984,1984,1984,,15,1971-1985
1254,Third Baseman|Pinch Hitter,Hal Bevan,,,,,3,1952-1961
1255,Pitcher,Bill Bevens,,,1947,1947,4,1944-1947
1256,Pitcher,Jason Beverlin,,,,,1,2002-2002
1257,Pitcher,Brian Bevil,,,,,3,1996-1998
1258,Pitcher,Lou Bevil,,,,,1,1942-1942
1259,Pitcher|First Baseman,Ben Beville,,,,,1,1901-1901
1260,Catcher|First Baseman,Monte Beville,,,,,2,1903-1904
1261,Shortstop|Second Baseman,Buddy Biancalana,1984|1985,1985,1985,1985,6,1982-1987
1262,Third Baseman|Pinch Hitter|Shortstop,Jeff Bianchi,,,,,4,2012-2015
1263,Pinch Hitter|Third Baseman|First Baseman,Tommy Bianco,,,,,1,1975-1975
1264,Pinch Hitter|First Baseman,Hank Biasatti,,,,,1,1949-1949
1265,Pitcher,Jim Bibby,1979,1979,1979,1979,12,1972-1984
1266,Outfielder,Dante Bichette,,,,,14,1988-2001
1267,Pitcher,Vern Bickford,,,1948,,7,1948-1954
1268,Pitcher,Dan Bickham,,,,,1,1886-1886
1269,Pitcher,Charlie Bicknell,,,,,2,1948-1949
1270,Pitcher,Rocky Biddle,,,,,5,2000-2004
1271,Centerfielder,Ed Biecher,,,,,2,1897-1898
1272,Rightfielder,Oscar Bielaski,,,,,5,1872-1876
1273,Pitcher,Mike Bielecki,1989|1996,1996,1996,,14,1984-1997
1274,Pitcher,Harry Biemiller,,,,,2,1920-1925
1275,Second Baseman,Lou Bierbauer,,,,,13,1886-1898
1276,Pitcher,Nick Bierbrodt,,,,,3,2001-2004
1277,Pitcher,Randor Bierd,,,,,1,2008-2008
1278,First Baseman,Charles Bierman,,,,,1,1871-1871
1279,Pinch Hitter|Outfielder,Steve Bieser,,,,,2,1997-1998
1280,Leftfielder,Carson Bigbee,,,1925,1925,11,1916-1926
1281,Pitcher|Pinch Hitter|Leftfielder,Lyle Bigbee,,,,,2,1920-1921
1282,Leftfielder,Larry Bigbie,,,,,6,2001-2006
1283,Rightfielder|Pinch Hitter,Elliot Bigelow,,,,,1,1929-1929
1284,Second Baseman|Catcher|Outfielder,Craig Biggio,2004|2005,2005,2005,,20,1988-2007
1285,Pitcher,Charlie Biggs,,,,,1,1932-1932
1286,Pinch Runner,Ivan Bigler,,,,,1,1917-1917
1287,Catcher,George Bignell,,,,,1,1884-1884
1288,Outfielder|Pinch Hitter|First Baseman,Larry Biittner,,,,,14,1970-1983
1289,Catcher,Dann Bilardello,,,,,8,1983-1992
1290,Pitcher,Jim Bilbrey,,,,,1,1949-1949
1291,Pitcher,Emil Bildilli,,,,,5,1937-1941
1292,First Baseman,Steve Bilko,,,,,10,1949-1962
1293,Pitcher,Harry Billiard,,,,,3,1908-1915
1294,Pitcher,Jack Billingham,1972|1973,1972,1972|1975|1976,1975|1976,13,1968-1980
1295,Pitcher,Bruce Billings,,,,,2,2011-2014
1296,Catcher|Leftfielder,Dick Billings,,,,,8,1968-1975
1297,Catcher|Pinch Hitter,Josh Billings,,,,,11,1913-1923
1298,Pitcher,Josh Billings,,,,,3,1927-1929
1299,Pitcher,Brent Billingsley,,,,,1,1999-1999
1300,Pitcher,Chad Billingsley,2008|2009,,,,9,2006-2015
1301,Outfielder|First Baseman,George Binks,,,,,5,1944-1948
1302,Pinch Hitter|Second Baseman,Steve Biras,,,,,1,1944-1944
1303,Leftfielder,Jud Birchall,,,,,3,1882-1884
1304,Pitcher,Doug Bird,1976|1977|1978,,,,11,1973-1983
1305,Catcher,Frank Bird,,,,,1,1892-1892
1306,Centerfielder,George Bird,,,,,1,1871-1871
1307,First Baseman,Greg Bird,,,,,1,2015-2015
1308,Pitcher,Red Bird,,,,,1,1921-1921
1309,Rightfielder|Catcher,Dave Birdsall,,,,,3,1871-1873
1310,Pitcher,Mike Birkbeck,,,,,6,1986-1995
1311,Pitcher,Kurt Birkins,,,,,3,2006-2008
1312,Pitcher,Ralph Birkofer,,,,,5,1933-1937
1313,Centerfielder,Joe Birmingham,,,,,9,1906-1914
1314,Pitcher,Babe Birrer,,,,,3,1955-1958
1315,Pitcher,Tim Birtsas,,,,,5,1985-1990
1316,Pitcher,Frank Biscan,,,,,3,1942-1948
1317,Catcher,John Bischoff,,,,,2,1925-1926
1318,Pitcher,Joe Bisenius,,,,,2,2007-2010
1319,Pitcher,Bill Bishop,,,,,3,1886-1889
1320,Pitcher,Bill Bishop,,,,,1,1921-1921
1321,Pitcher,Charlie Bishop,,,,,4,1952-1955
1322,Third Baseman|Shortstop,Frank Bishop,,,,,1,1884-1884
1323,Pitcher,Jim Bishop,,,,,2,1923-1924
1324,Pitcher,Lloyd Bishop,,,,,1,1914-1914
1325,Second Baseman,Max Bishop,,,1929|1930|1931,1929|1930,12,1924-1935
1326,Catcher,Mike Bishop,,,,,1,1983-1983
1327,Shortstop,Rivington Bisland,,,,,3,1912-1914
1328,First Baseman,Del Bissonette,,,,,5,1928-1933
1329,Pitcher,Hi Bithorn,,,,,4,1942-1947
1330,Pitcher,Joe Bitker,,,,,2,1990-1991
1331,Pitcher,Jeff Bittiger,,,,,4,1986-1989
1332,Second Baseman,Red Bittmann,,,,,1,1889-1889
1333,Pitcher,Jim Bivin,,,,,1,1935-1935
1334,Shortstop|Outfielder|Third Baseman,Brian Bixler,,,,,4,2008-2012
1335,Catcher,George Bjorkman,,,,,1,1983-1983
1336,Pinch Hitter|Second Baseman,Bill Black,,,,,1,1924-1924
1337,Outfielder|Pitcher|Second Baseman,Bob Black,,,,,1,1884-1884
1338,Pitcher,Bud Black,,,,,3,1952-1956
1339,Pitcher,Bud Black,1984|1985,1985,1985,1985,15,1981-1995
1340,Pitcher,Dave Black,,,,,3,1914-1923
1341,Pitcher,Don Black,,,,,6,1943-1948
1342,Pitcher,Joe Black,,,1952|1953,,6,1952-1957
1343,First Baseman,John Black,,,,,1,1911-1911
1344,Pitcher,Vic Black,,,,,2,2013-2014
1345,Outfielder|Pinch Hitter,Ethan Blackaby,,,,,2,1962-1964
1346,Pitcher,Charlie Blackburn,,,,,2,1915-1921
1347,Catcher,Earl Blackburn,,,,,5,1912-1917
1348,Pitcher,George Blackburn,,,,,1,1897-1897
1349,Pitcher,Jim Blackburn,,,,,2,1948-1951
1350,Pitcher,Nick Blackburn,,,,,6,2007-2012
1351,Pitcher,Ron Blackburn,,,,,2,1958-1959
1352,Shortstop|Third Baseman|Second Baseman,Lena Blackburne,,,,,8,1910-1929
1353,Leftfielder|Pinch Hitter,George Blackerby,,,,,1,1928-1928
1354,Pitcher,Travis Blackley,,,,,4,2004-2013
1355,Outfielder,Charlie Blackmon,,,,,5,2011-2015
1356,Pitcher,Ewell Blackwell,,,1952,1952,10,1942-1955
1357,Catcher,Fred Blackwell,,,,,3,1917-1919
1358,Catcher,Tim Blackwell,,,,,10,1974-1983
1359,Leftfielder,Ray Blades,,,1928|1930|1931,1931,10,1922-1932
1360,Centerfielder,Rick Bladt,,,,,2,1969-1975
1361,Pitcher,George Blaeholder,,,,,11,1925-1936
1362,Catcher,Rae Blaemire,,,,,1,1941-1941
1363,Pitcher|Rightfielder,Bill Blair,,,,,1,1888-1888
1364,Third Baseman,Buddy Blair,,,,,1,1942-1942
1365,Catcher,Carson Blair,,,,,1,2015-2015
1366,Pitcher,Dennis Blair,,,,,4,1974-1980
1367,Second Baseman|First Baseman|Third Baseman,Footsie Blair,,,1929,,3,1929-1931
1368,Centerfielder,Paul Blair,1969|1970|1971|1973|1974|1977|1978,1969|1970|1971|1977|1978,1966|1969|1970|1971|1977|1978,1966|1970|1977|1978,17,1964-1980
1369,Catcher,Walter Blair,,,,,7,1907-1915
1370,Pitcher,Willie Blair,,,,,12,1990-2001
1371,Pitcher|Rightfielder,Dick Blaisdell,,,,,1,1884-1884
1372,Third Baseman|Rightfielder|First Baseman,Casey Blake,2007|2008|2009,,,,13,1999-2011
1373,Pitcher,Ed Blake,,,,,4,1951-1957
1374,Rightfielder,Harry Blake,,,,,6,1894-1899
1375,Pitcher,Sheriff Blake,,,1929,,10,1920-1937
1376,Centerfielder,Linc Blakely,,,,,1,1934-1934
1377,Outfielder|Third Baseman|First Baseman,Bob Blakiston,,,,,3,1882-1884
1378,Third Baseman|First Baseman,Hank Blalock,,,,,9,2002-2010
1379,Pinch Hitter|Outfielder|Catcher,Johnny Blanchard,,,1960|1961|1962|1963|1964,1961|1962,8,1955-1965
1380,Pitcher,Al Blanche,,,,,2,1935-1936
1381,Second Baseman|Shortstop|Third Baseman,Andres Blanco,,,,,8,2004-2015
1382,Pinch Runner|Third Baseman|Shortstop,Damaso Blanco,,,,,3,1972-1974
1383,Pitcher,Gil Blanco,,,,,2,1965-1966
1384,Outfielder,Gregor Blanco,2012|2014,2012|2014,2012|2014,2012|2014,7,2008-2015
1385,Catcher,Henry Blanco,,,,,16,1997-2013
1386,First Baseman|Pinch Hitter,Ossie Blanco,,,,,2,1970-1974
1387,Pinch Hitter|Leftfielder|Third Baseman,Tony Blanco,,,,,1,2005-2005
1388,Pitcher,Nate Bland,,,,,1,2003-2003
1389,Pitcher,Fred Blanding,,,,,5,1910-1914
1390,Catcher,Coonie Blank,,,,,1,1909-1909
1391,Pitcher,Fred Blank,,,,,1,1894-1894
1392,Pitcher,Matt Blank,,,,,2,2000-2001
1393,Catcher|First Baseman|Outfielder,Cliff Blankenship,,,,,3,1905-1909
1394,Pitcher,Homer Blankenship,,,,,3,1922-1928
1395,Pitcher,Kevin Blankenship,,,,,3,1988-1990
1396,Outfielder|Second Baseman|Third Baseman,Lance Blankenship,1989|1990|1992,1989|1990,1989|1990,1989,6,1988-1993
1397,Pitcher,Ted Blankenship,,,,,9,1922-1930
1398,Outfielder|First Baseman,Kyle Blanks,,,,,7,2009-2015
1399,Shortstop|Second Baseman|Third Baseman,Larvell Blanks,,,,,9,1972-1980
1400,Pitcher,Cy Blanton,,,,,9,1934-1942
1401,Pitcher,Joe Blanton,2006|2008|2009|2010,2008|2009,2008|2009,2008,11,2004-2015
1402,Second Baseman|Shortstop,Don Blasingame,,,1961,,12,1955-1966
1403,Pitcher,Wade Blasingame,,,,,10,1963-1972
1404,Pitcher,Steve Blass,1971|1972,1971,1971,1971,10,1964-1974
1405,Pitcher,Steve Blateric,,,,,3,1971-1975
1406,Leftfielder,Johnny Blatnik,,,,,3,1948-1950
1407,Second Baseman|Third Baseman|Shortstop,Buddy Blattner,,,,,5,1942-1949
1408,Shortstop|Second Baseman|Third Baseman,Jeff Blauser,1991|1992|1993|1995|1996|1997,1991|1992|1995|1996,1991|1992|1996,,13,1987-1999
1409,Pitcher,Harvey Blauvelt,,,,,1,1890-1890
1410,Pitcher,Bob Blaylock,,,,,2,1956-1959
1411,Pitcher,Gary Blaylock,,,,,1,1959-1959
1412,First Baseman,Marv Blaylock,,,,,4,1950-1957
1413,Pitcher,Michael Blazek,,,,,2,2013-2015
1414,Pitcher,Ron Blazier,,,,,2,1996-1997
1415,Outfielder|First Baseman|Catcher,Curt Blefary,1971,,1966,1966,8,1965-1972
1416,Pitcher,Ray Blemker,,,,,1,1960-1960
1417,Pinch Hitter|Rightfielder,Ike Blessitt,,,,,1,1972-1972
1418,Pitcher,Clarence Blethen,,,,,2,1923-1929
1419,Pitcher,Jerry Blevins,,,,,9,2007-2015
1420,Pitcher,Bob Blewett,,,,,1,1902-1902
1421,Catcher,Ned Bligh,,,1890,,4,1886-1890
1422,Pitcher|Rightfielder,Elmer Bliss,,,,,2,1903-1904
1423,Catcher|Third Baseman,Frank Bliss,,,,,1,1878-1878
1424,Catcher,Jack Bliss,,,,,5,1908-1912
1425,Catcher,Bruno Block,,,,,5,1907-1914
1426,Third Baseman|Second Baseman,Cy Block,,,1945,,3,1942-1946
1427,Centerfielder|Pinch Hitter,Terry Blocker,,,,,3,1985-1989
1428,Catcher|Rightfielder,Wes Blogg,,,,,1,1883-1883
1429,Designated Hitter|First Baseman|Rightfielder,Ron Blomberg,,,,,8,1969-1978
1430,Pitcher,Ben Blomdahl,,,,,1,1995-1995
1431,Rightfielder|Pitcher,Joe Blong,,,,,3,1875-1877
1432,Second Baseman|First Baseman,Jimmy Bloodworth,,,1950,,11,1937-1951
1433,Second Baseman|Shortstop|Third Baseman,Bud Bloomfield,,,,,2,1963-1964
1434,Outfielder|Shortstop|Third Baseman,Willie Bloomquist,,,,,14,2002-2015
1435,Leftfielder|Pinch Hitter,Greg Blosser,,,,,2,1993-1994
1436,Pinch Hitter|Catcher,Jack Blott,,,,,1,1924-1924
1437,Third Baseman|First Baseman,Mike Blowers,1995,,,,11,1989-1999
1438,Catcher,Bert Blue,,,,,1,1908-1908
1439,First Baseman,Lu Blue,,,,,13,1921-1933
1440,Pitcher,Vida Blue,1971|1972|1973|1974|1975,1972|1973|1974,1972|1973|1974,1972|1973|1974,17,1969-1986
1441,Third Baseman|Shortstop|Second Baseman,Ossie Bluege,,,1924|1925|1933,1924,18,1922-1939
1442,Shortstop|Second Baseman,Otto Bluege,,,,,2,1932-1933
1443,Pitcher,Jim Bluejacket,,,,,3,1914-1916
1444,Pinch Hitter,Red Bluhm,,,,,1,1918-1918
1445,Third Baseman|Second Baseman|Shortstop,Geoff Blum,,,2005,2005,14,1999-2012
1446,Pitcher,Jaime Bluma,,,,,1,1996-1996
1447,Pitcher,Clint Blume,,,,,2,1922-1923
1448,Pitcher,Bert Blyleven,1970|1979|1987,1979|1987,1979|1987,1979|1987,22,1970-1992
1449,Pitcher,Mike Blyzka,,,,,2,1953-1954
1450,Second Baseman|Pinch Hitter,Chet Boak,,,,,2,1960-1961
1451,Pitcher,Charlie Boardman,,,,,3,1913-1915
1452,Rightfielder,Frederick Boardman,,,,,1,1874-1874
1453,Catcher,Randy Bobb,,,,,2,1968-1969
1454,Outfielder|Pinch Hitter|Second Baseman,Hiram Bocachica,,,,,8,2000-2007
1455,Catcher|First Baseman|Leftfielder,John Boccabella,,,,,12,1963-1974
1456,Leftfielder|Pinch Hitter,Milt Bocek,,,,,2,1933-1934
1457,First Baseman|Leftfielder,Bruce Bochte,,,,,12,1974-1986
1458,Pitcher,Doug Bochtler,,,,,6,1995-2000
1459,Pitcher,Brett Bochy,,,,,2,2014-2015
1460,Catcher,Bruce Bochy,1980,,1984,,9,1978-1987
1461,Third Baseman|Second Baseman,Eddie Bockman,,,,,4,1946-1949
1462,Pitcher|Outfielder,Randy Bockus,,,,,4,1986-1989
1463,Shortstop,Brian Bocock,,,,,2,2008-2010
1464,Pitcher,Mike Boddicker,1983|1988|1990,1983,1983,1983,14,1980-1993
1465,Outfielder,Ping Bodie,,,,,9,1911-1921
1466,Third Baseman,Tony Boeckel,,,,,6,1917-1923
1467,Pitcher,George Boehler,,,,,9,1912-1926
1468,Pitcher,Joe Boehling,,,,,7,1912-1920
1469,Pinch Hitter|First Baseman|Third Baseman,Len Boehmer,,,,,3,1967-1971
1470,Pitcher,Brian Boehringer,1998,1998,1996|1998,1996,10,1995-2004
1471,Pitcher,Larry Boerner,,,,,1,1932-1932
1472,Rightfielder,Brennan Boesch,,,,,6,2010-2015
1473,Pitcher,Joe Boever,,,,,12,1985-1996
1474,Shortstop|Third Baseman,Xander Bogaerts,2013,2013,2013,2013,3,2013-2015
1475,Shortstop|Third Baseman|First Baseman,Tim Bogar,,,,,9,1993-2001
1476,Pitcher,John Bogart,,,,,1,1920-1920
1477,Outfielder,Terry Bogener,,,,,1,1982-1982
1478,Leftfielder,Brandon Boggs,,,,,4,2008-2011
1479,Pitcher,Mitchell Boggs,2011|2012,2011,2011,2011,6,2008-2013
1480,Pitcher,Ray Boggs,,,,,1,1928-1928
1481,Pitcher,Tommy Boggs,,,,,9,1976-1985
1482,Third Baseman,Wade Boggs,1986|1988|1990|1996,1986|1996,1986|1996,1996,18,1982-1999
1483,Pitcher,Warren Bogle,,,,,1,1968-1968
1484,Outfielder|Pinch Hitter,Brian Bogusevic,,,,,5,2010-2015
1485,Pitcher,Brian Bohanon,,,,,12,1990-2001
1486,Pitcher,Pat Bohen,,,,,2,1913-1914
1487,Pitcher|Centerfielder,Charlie Bohn,,,,,1,1882-1882
1488,Outfielder,T.J. Bohn,,,,,2,2006-2008
1489,Second Baseman|Shortstop|Third Baseman,Sam Bohne,,,,,7,1916-1926
1490,Pitcher,John Bohnet,,,,,1,1982-1982
1491,Outfielder|Pinch Hitter,Bruce Boisclair,,,,,5,1974-1979
1492,Pitcher,Dan Boitano,,,,,5,1978-1982
1493,Pitcher,Dick Bokelmann,,,,,3,1951-1953
1494,Second Baseman|Shortstop|Third Baseman,Bob Boken,,,,,2,1933-1934
1495,Pitcher,Joe Bokina,,,,,1,1936-1936
1496,Third Baseman,Boland,,,,,1,1875-1875
1497,Pitcher,Bernie Boland,,,,,7,1915-1921
1498,Rightfielder|Pinch Hitter,Ed Boland,,,,,3,1934-1944
1499,First Baseman|Pinch Runner,Charlie Bold,,,,,1,1914-1914
1500,Pitcher,Bill Bolden,,,,,1,1919-1919
1501,Pitcher,Stew Bolen,,,,,4,1926-1932
1502,Pinch Hitter|Leftfielder,Carl Boles,,,,,1,1962-1962
1503,Shortstop,Joe Boley,,,1929|1930|1931,1929|1930,6,1927-1932
1504,Outfielder|Pinch Hitter,Jim Bolger,,,,,7,1950-1959
1505,First Baseman|Pinch Hitter|Third Baseman,Frank Bolick,,,,,2,1993-1998
1506,Pitcher,Bobby Bolin,,,1962,,13,1961-1973
1507,Second Baseman,Frank Bolling,,,,,12,1954-1966
1508,First Baseman|Pinch Hitter,Jack Bolling,,,,,2,1939-1944
1509,Shortstop|Second Baseman|Third Baseman,Milt Bolling,,,,,7,1952-1958
1510,Pitcher,Greg Bollo,,,,,2,1965-1966
1511,First Baseman|Pinch Hitter,Don Bollweg,,,1953,1953,5,1950-1955
1512,Pitcher,Mike Bolsinger,,,,,2,2014-2015
1513,First Baseman,Cecil Bolton,,,,,1,1928-1928
1514,Catcher,Cliff Bolton,,,1933,,7,1931-1941
1515,Pitcher,Rod Bolton,,,,,2,1993-1995
1516,Pitcher,Tom Bolton,1990,,,,8,1987-1994
1517,Pitcher,Mark Bomback,,,,,4,1978-1982
1518,Pitcher|Rightfielder,Tommy Bond,,,,,10,1874-1884
1519,Outfielder|First Baseman,Walt Bond,,,,,6,1960-1967
1520,Pitcher,Jeremy Bonderman,2006,2006,2006,,9,2003-2013
1521,Leftfielder,Barry Bonds,1990|1991|1992|2002,2002,2002,,22,1986-2007
1522,Rightfielder,Bobby Bonds,1971,,,,14,1968-1981
1523,Shortstop,George Bone,,,,,1,1901-1901
1524,Pitcher,Ricky Bones,,,,,11,1991-2001
1525,Pitcher,Julio Bonetti,,,,,3,1937-1940
1526,Pitcher,Hank Boney,,,,,1,1927-1927
1527,Pitcher,Jung Bong,,,,,3,2002-2004
1528,Rightfielder|Pinch Hitter,Nino Bongiovanni,,,1939,,2,1938-1939
1529,Pitcher,Bill Bonham,,,,,10,1971-1980
1530,Pitcher,Tiny Bonham,,,1941|1942|1943,1941|1943,10,1940-1949
1531,Outfielder|Second Baseman|Third Baseman,Emilio Bonifacio,,,,,9,2007-2015
1532,Pitcher,Joe Bonikowski,,,,,1,1962-1962
1533,Third Baseman|Rightfielder|First Baseman,Bobby Bonilla,1990|1991|1996|1997|1999,1997,1997,1997,16,1986-2001
1534,Second Baseman|Third Baseman,Juan Bonilla,,,,,6,1981-1987
1535,Pitcher,Lisalverto Bonilla,,,,,1,2014-2014
1536,Rightfielder,Luther Bonin,,,,,2,1913-1914
1537,Pitcher,Eddie Bonine,,,,,3,2008-2010
1538,Outfielder|Third Baseman,Barry Bonnell,,,,,10,1977-1986
1539,Shortstop|Second Baseman,Bobby Bonner,,,,,4,1980-1983
1540,Second Baseman|Shortstop|Third Baseman,Frank Bonner,,,,,6,1894-1903
1541,Pitcher,Bill Bonness,,,,,1,1944-1944
1542,Pitcher,Gus Bono,,,,,1,1920-1920
1543,Pitcher,Boof Bonser,,,,,4,2006-2010
1544,First Baseman,Zeke Bonura,,,,,7,1934-1940
1545,Outfielder|Shortstop,Everett Booe,,,,,2,1913-1914
1546,Catcher|Pinch Hitter,Buddy Booker,,,,,2,1966-1968
1547,Pitcher,Chris Booker,,,,,3,2005-2007
1548,Pitcher,Greg Booker,1984,1984,1984,,8,1983-1990
1549,Pinch Hitter|Shortstop|Second Baseman,Rod Booker,,,,,5,1987-1991
1550,Catcher,Al Bool,,,,,3,1928-1931
1551,Pitcher,Red Booles,,,,,1,1909-1909
1552,Third Baseman|First Baseman,Aaron Boone,2003,2003,2003,,12,1997-2009
1553,Catcher,Bob Boone,1976|1977|1978|1980|1982|1986,1980,1980,1980,19,1972-1990
1554,Second Baseman,Bret Boone,1995|1999|2001,1999,1999,,14,1992-2005
1555,Pitcher,Dan Boone,,,,,4,1919-1923
1556,Pitcher,Danny Boone,,,,,3,1981-1990
1557,Pitcher,George Boone,,,,,1,1891-1891
1558,Rightfielder,Ike Boone,,,,,8,1922-1932
1559,Second Baseman|Shortstop|Third Baseman,Luke Boone,,,,,5,1913-1918
1560,Third Baseman|Shortstop|First Baseman,Ray Boone,,,1948,1948,13,1948-1960
1561,Pitcher,Chris Bootcheck,,,,,7,2003-2013
1562,Shortstop,Booth,,,,,1,1875-1875
1563,Catcher|Shortstop|Third Baseman,Amos Booth,,,,,4,1876-1882
1564,Outfielder|Second Baseman,Eddie Booth,,,,,5,1872-1876
1565,Third Baseman,Josh Booty,,,,,3,1996-1998
1566,Pitcher,John Boozer,,,,,7,1962-1969
1567,Centerfielder,Julio Borbon,2010,2010,2010,,4,2009-2013
1568,Pitcher,Pedro Borbon,1972|1973|1975|1976,1972|1975|1976,1972|1975|1976,1975|1976,12,1969-1980
1569,Pitcher,Pedro Borbon,,,1995,1995,9,1992-2003
1570,Outfielder|Pinch Hitter,Joe Borchard,,,,,6,2002-2007
1571,Pitcher|Outfielder,George Borchers,,,,,2,1888-1895
1572,Outfielder|Third Baseman,Frenchy Bordagaray,,,1939|1941,1941,11,1934-1945
1573,Pitcher|Rightfielder,Joe Borden,,,,,2,1875-1876
1574,Catcher,Pat Borders,1989|1991|1992|1993,1992|1993,1992|1993,1992|1993,17,1988-2005
1575,Pitcher,Rich Bordi,,,,,9,1980-1988
1576,Shortstop|Second Baseman,Mike Bordick,1992|1997|2000,2000,1990|2000,,14,1990-2003
1577,Pitcher,Bill Bordley,,,,,1,1980-1980
1578,Catcher,Glenn Borgmann,,,,,9,1972-1980
1579,Pitcher,Paul Boris,,,,,1,1982-1982
1580,Pitcher,Frank Bork,,,,,1,1964-1964
1581,Outfielder|Pinch Hitter,Bob Borkowski,,,,,6,1950-1955
1582,Pitcher,Dave Borkowski,,,,,7,1999-2008
1583,Pitcher,Toby Borland,,,,,9,1994-2004
1584,Pitcher,Tom Borland,,,,,2,1960-1961
1585,Second Baseman|Pinch Hitter|Third Baseman,Red Borom,,,1945,1945,2,1944-1945
1586,Third Baseman,Steve Boros,,,,,7,1957-1965
1587,Pitcher,Joe Borowski,2003|2007,,,,12,1995-2008
1588,Pitcher,Hank Borowy,,,1942|1943|1945,1943,10,1942-1951
1589,First Baseman,Babe Borton,,,,,4,1912-1916
1590,Catcher,J.C. Boscan,,,,,4,2010-2013
1591,Centerfielder,Don Bosch,,,,,4,1966-1969
1592,Centerfielder,Rick Bosetti,1981,,,,7,1976-1982
1593,Pitcher,Buddy Boshers,,,,,1,2013-2013
1594,Pitcher,Chris Bosio,1995,,,,11,1986-1996
1595,Pitcher,Shawn Boskie,,,,,9,1990-1998
1596,Outfielder|Pinch Hitter,Thad Bosley,1984,,,,14,1977-1990
1597,Pitcher,Dick Bosman,1975,,,,11,1966-1976
1598,First Baseman,Harley Boss,,,,,4,1928-1933
1599,Pitcher,Mel Bosser,,,,,1,1945-1945
1600,Third Baseman,Henry Bostick,,,,,1,1915-1915
1601,Outfielder,Lyman Bostock,,,,,4,1975-1978
1602,Outfielder,Daryl Boston,,,,,11,1984-1994
1603,Pitcher|First Baseman,Andy Boswell,,,,,1,1895-1895
1604,Pitcher,Dave Boswell,1969,,1965,,8,1964-1971
1605,Second Baseman|Pinch Hitter|Third Baseman,Ken Boswell,1969|1973,1969|1973,1969|1973,1969,11,1967-1977
1606,Pitcher,Derek Botelho,,,,,2,1982-1985
1607,Pitcher,Ricky Bottalico,,,,,12,1994-2005
1608,Catcher|Pinch Hitter|Leftfielder,John Bottarini,,,,,1,1937-1937
1609,Pitcher,Kent Bottenfield,,,,,9,1992-2001
1610,Pitcher,Ralph Botting,,,,,2,1979-1980
1611,First Baseman,Jim Bottomley,,,1926|1928|1930|1931,1926|1931,16,1922-1937
1612,Leftfielder|Designated Hitter|First Baseman,Jason Botts,,,,,4,2005-2008
1613,Pitcher,Bob Botz,,,,,1,1962-1962
1614,First Baseman,Ed Bouchee,,,,,7,1956-1962
1615,Third Baseman,Al Boucher,,,,,1,1914-1914
1616,Pitcher,Denis Boucher,,,,,4,1991-1994
1617,Pinch Hitter|Catcher|First Baseman,Medric Boucher,,,,,1,1914-1914
1618,Shortstop,Lou Boudreau,,,1948,1948,15,1938-1952
1619,Pitcher,Carl Bouldin,,,,,4,1961-1964
1620,Pitcher|Shortstop|Third Baseman,Jake Boultes,,,,,3,1907-1909
1621,First Baseman|Pinch Hitter,Justin Bour,,,,,2,2014-2015
1622,Outfielder|Pinch Hitter,Jason Bourgeois,,,,,8,2008-2015
1623,Pitcher,Steve Bourgeois,,,,,1,1996-1996
1624,Pinch Hitter|Outfielder,Chris Bourjos,,,,,1,1980-1980
1625,Centerfielder,Peter Bourjos,2014,,,,6,2010-2015
1626,Centerfielder,Michael Bourn,,,,,10,2006-2015
1627,Shortstop|Second Baseman,Rafael Bournigal,,,,,7,1992-1999
1628,First Baseman|Pinch Hitter,Pat Bourque,1973,1973,1973,1973,4,1971-1974
1629,Pitcher,Jim Bouton,,,1963|1964,,10,1962-1978
1630,Pitcher,Mike Bovee,,,,,1,1997-1997
1631,Shortstop,Larry Bowa,1976|1977|1978|1980|1984,1980,1980,1980,16,1970-1985
1632,Second Baseman,Benny Bowcock,,,,,1,1903-1903
1633,Pitcher,Michael Bowden,,,,,6,2008-2013
1634,Rightfielder|Pinch Hitter,Tim Bowden,,,,,1,1914-1914
1635,Pinch Runner|Outfielder,Chick Bowen,,,,,1,1919-1919
1636,Pitcher,Cy Bowen,,,,,1,1896-1896
1637,Catcher,Rob Bowen,,,,,5,2003-2008
1638,Pitcher,Ryan Bowen,,,,,5,1991-1995
1639,Outfielder,Sam Bowen,,,,,3,1977-1980
1640,Rightfielder,Sam Bowens,,,,,7,1963-1969
1641,Catcher|First Baseman,Frank Bowerman,,,,,15,1895-1909
1642,Outfielder,Billy Bowers,,,,,1,1949-1949
1643,Leftfielder,Brent Bowers,,,,,1,1996-1996
1644,Pitcher,Cedrick Bowers,,,,,2,2008-2010
1645,Pitcher,Shane Bowers,,,,,1,1997-1997
1646,Pitcher,Stew Bowers,,,,,3,1935-1937
1647,Catcher|Outfielder|Third Baseman,Frank Bowes,,,,,1,1890-1890
1648,First Baseman,Jim Bowie,,,,,1,1994-1994
1649,Pitcher,Micah Bowie,,,,,6,1999-2008
1650,Pinch Hitter|First Baseman|Outfielder,John Bowker,,,,,4,2008-2011
1651,Pitcher,Grant Bowler,,,,,2,1931-1932
1652,Pitcher,Brian Bowles,,,,,3,2001-2003
1653,Pitcher|Pinch Hitter,Charlie Bowles,,,,,2,1943-1945
1654,Pitcher,Emmett Bowles,,,,,1,1922-1922
1655,Third Baseman,Weldon Bowlin,,,,,1,1967-1967
1656,Outfielder,Steve Bowling,,,,,2,1976-1977
1657,Pitcher,Abe Bowman,,,,,2,1914-1915
1658,Catcher,Bill Bowman,,,,,1,1891-1891
1659,Pitcher,Bob Bowman,,,,,4,1939-1942
1660,Rightfielder|Pinch Hitter,Bob Bowman,,,,,5,1955-1959
1661,Pinch Hitter,Elmer Bowman,,,,,1,1920-1920
1662,Shortstop|Second Baseman|Pinch Runner,Ernie Bowman,,,1962,,3,1961-1963
1663,Pitcher|Pinch Hitter,Joe Bowman,,,,,11,1932-1945
1664,Pitcher,Roger Bowman,,,,,5,1949-1955
1665,Pitcher|Outfielder,Sumner Bowman,,,,,2,1890-1891
1666,Outfielder,Red Bowser,,,,,1,1910-1910
1667,Pitcher,Ted Bowsfield,,,,,7,1958-1964
1668,Pitcher,Travis Bowyer,,,,,1,2005-2005
1669,Pitcher,Brad Boxberger,,,,,4,2012-2015
1670,Third Baseman|Rightfielder|Second Baseman,Bill Boyd,,,,,4,1872-1875
1671,First Baseman|Pinch Hitter|Leftfielder,Bob Boyd,,,,,9,1951-1961
1672,Catcher,Frank Boyd,,,,,1,1893-1893
1673,Pitcher,Gary Boyd,,,,,1,1969-1969
1674,Rightfielder|Pitcher|Second Baseman,Jake Boyd,,,,,3,1894-1896
1675,Pitcher,Jason Boyd,,,,,5,1999-2004
1676,Pitcher,Matt Boyd,,,,,1,2015-2015
1677,Pitcher,Oil Can Boyd,1986,1986,1986,,10,1982-1991
1678,Pitcher,Ray Boyd,,,,,2,1910-1911
1679,Pitcher,Blaine Boyer,,,,,9,2005-2015
1680,Third Baseman|Shortstop|Second Baseman,Clete Boyer,1969,,1960|1961|1962|1963|1964,1961|1962,16,1955-1971
1681,Pitcher,Cloyd Boyer,,,,,5,1949-1955
1682,Third Baseman|Centerfielder,Ken Boyer,,,1964,1964,15,1955-1969
1683,Pinch Hitter|First Baseman,Doe Boyland,,,,,3,1978-1981
1684,Outfielder,Buzz Boyle,,,,,5,1929-1935
1685,Catcher,Eddie Boyle,,,,,1,1896-1896
1686,Pitcher|Outfielder,Henry Boyle,,,,,6,1884-1889
1687,Catcher|First Baseman|Third Baseman,Jack Boyle,,,1887|1888,,13,1886-1898
1688,Third Baseman|Shortstop,Jack Boyle,,,,,1,1912-1912
1689,Catcher,Jim Boyle,,,,,1,1926-1926
1690,Pitcher,Harry Boyles,,,,,2,1938-1939
1691,Pitcher,Marshall Boze,,,,,1,1996-1996
1692,Pitcher,Gene Brabender,,,,,5,1966-1970
1693,Pitcher,Brad Brach,2014,,,,5,2011-2015
1694,Pitcher,Silvino Bracho,,,,,1,2015-2015
1695,Outfielder|First Baseman,Gibby Brack,,,,,3,1937-1939
1696,Pitcher,Jack Bracken,,,,,1,1901-1901
1697,Pitcher,John Brackenridge,,,,,1,1904-1904
1698,Pitcher,Andrew Brackman,,,,,1,2011-2011
1699,Pitcher,Zach Braddock,,,,,2,2010-2011
1700,Pitcher,Dallas Braden,,,,,5,2007-2011
1701,Pitcher,Don Bradey,,,,,1,1964-1964
1702,Pitcher,Bill Bradford,,,,,1,1956-1956
1703,Outfielder,Buddy Bradford,,,,,11,1966-1976
1704,Pitcher,Chad Bradford,2006|2008,2008,2008,,12,1998-2009
1705,Pitcher,Larry Bradford,,,,,4,1977-1981
1706,Pinch Runner|Leftfielder,Vic Bradford,,,,,1,1943-1943
1707,Centerfielder,Al Bradley,,,,,1,1884-1884
1708,Pitcher,Archie Bradley,,,,,1,2015-2015
1709,Pitcher,Bert Bradley,,,,,1,1983-1983
1710,Third Baseman,Bill Bradley,,,,,14,1899-1915
1711,Pitcher|Rightfielder,Foghorn Bradley,,,,,1,1876-1876
1712,Pitcher,Fred Bradley,,,,,2,1948-1949
1713,Pitcher|Third Baseman|Outfielder,George Bradley,,,,,11,1875-1888
1714,Centerfielder,George Bradley,,,,,1,1946-1946
1715,Pitcher,Herb Bradley,,,,,3,1927-1929
1716,First Baseman|Rightfielder,Hugh Bradley,,,,,5,1910-1915
1717,Pinch Hitter|Catcher,Jack Bradley,,,,,1,1916-1916
1718,Outfielder,Jackie Bradley,,,,,3,2013-2015
1719,Outfielder|Pinch Hitter,Mark Bradley,,,,,3,1981-1983
1720,Outfielder,Milton Bradley,2006,,,,12,2000-2011
1721,Leftfielder,Phil Bradley,,,,,8,1983-1990
1722,Pitcher,Ryan Bradley,,,,,1,1998-1998
1723,Catcher|Pinch Hitter,Scott Bradley,,,,,9,1984-1992
1724,Pitcher,Tom Bradley,,,,,7,1969-1975
1725,Pinch Hitter|Second Baseman,Dallas Bradshaw,,,,,1,1917-1917
1726,Catcher,George Bradshaw,,,,,1,1952-1952
1727,Pitcher,Joe Bradshaw,,,,,1,1929-1929
1728,Outfielder|Pinch Hitter,Terry Bradshaw,,,,,2,1995-1996
1729,Pitcher,Bill Brady,,,,,1,1912-1912
1730,Pinch Hitter|Catcher,Bob Brady,,,,,2,1946-1947
1731,Pinch Hitter|Rightfielder,Brian Brady,,,,,1,1989-1989
1732,Second Baseman,Cliff Brady,,,,,1,1920-1920
1733,Second Baseman,Doug Brady,,,,,1,1995-1995
1734,Pitcher,Jim Brady,,,,,1,1956-1956
1735,Pitcher,King Brady,,,,,5,1905-1912
1736,Pitcher,Neal Brady,,,,,3,1915-1925
1737,Centerfielder,Spike Brady,,,,,1,1875-1875
1738,Rightfielder|First Baseman|Second Baseman,Steve Brady,,,1884,,6,1874-1886
1739,Shortstop|Catcher|Third Baseman,Bobby Bragan,,,1947,,7,1940-1948
1740,Outfielder,Darren Bragg,,,,,11,1994-2004
1741,Pitcher,Dick Braggins,,,,,1,1901-1901
1742,Outfielder,Glenn Braggs,1990,1990,1990,1990,7,1986-1992
1743,Third Baseman|Shortstop|Outfielder,Dave Brain,,,,,7,1901-1908
1744,Pitcher|Second Baseman|Outfielder,Asa Brainard,,,,,4,1871-1874
1745,First Baseman|Third Baseman|Shortstop,Fred Brainard,,,,,3,1914-1916
1746,Pitcher,Al Braithwood,,,,,1,1915-1915
1747,Pitcher|Pinch Hitter,Erv Brame,,,,,5,1928-1932
1748,Shortstop|Third Baseman,Art Bramhall,,,,,1,1935-1935
1749,Pitcher,Ralph Branca,,,1947|1949,,12,1944-1956
1750,Shortstop|Third Baseman,Al Brancato,,,,,4,1939-1945
1751,Pitcher,Harvey Branch,,,,,1,1962-1962
1752,Pitcher,Norm Branch,,,,,2,1941-1942
1753,Pitcher,Roy Branch,,,,,1,1979-1979
1754,Catcher|Shortstop|Third Baseman,Ron Brand,,,,,8,1963-1971
1755,Pitcher,Mark Brandenburg,,,,,3,1995-1997
1756,Pitcher,Chick Brandom,,,,,3,1908-1915
1757,Pitcher,Bucky Brandon,,,,,7,1966-1973
1758,Pitcher,Bill Brandt,,,,,3,1941-1943
1759,Pitcher,Ed Brandt,,,,,11,1928-1938
1760,Outfielder,Jackie Brandt,,,,,11,1956-1967
1761,Second Baseman,Otis Brannan,,,,,2,1928-1929
1762,Third Baseman,Mike Brannock,,,,,2,1871-1875
1763,First Baseman,Dud Branom,,,,,1,1927-1927
1764,First Baseman,Kitty Bransfield,,,1903,,12,1898-1911
1765,Third Baseman|Second Baseman|Pinch Hitter,Jeff Branson,1995|1997|1998,1997,1997,,9,1992-2001
1766,First Baseman|Pinch Hitter,Marshall Brant,,,,,2,1980-1983
1767,Pitcher,Cliff Brantley,,,,,2,1991-1992
1768,Pitcher,Jeff Brantley,1989|1995,1989,1989,,14,1988-2001
1769,Outfielder,Michael Brantley,,,,,7,2009-2015
1770,Outfielder,Mickey Brantley,,,,,4,1986-1989
1771,Catcher,Rob Brantly,,,,,3,2012-2015
1772,Third Baseman|First Baseman|Outfielder,Russell Branyan,,,,,14,1998-2011
1773,Pitcher,Kitty Brashear,,,,,1,1899-1899
1774,First Baseman|Second Baseman|Outfielder,Roy Brashear,,,,,2,1902-1903
1775,Pitcher,Ryan Brasier,,,,,1,2013-2013
1776,Pinch Runner|Centerfielder,Joe Bratcher,,,,,1,1924-1924
1777,Pinch Hitter|Leftfielder,Fred Bratschi,,,,,3,1921-1927
1778,Pitcher,John Braun,,,,,1,1964-1964
1779,Pitcher,Ryan Braun,,,,,2,2006-2007
1780,Leftfielder|Third Baseman,Ryan Braun,2011,,,,9,2007-2015
1781,Leftfielder|Pinch Hitter|Third Baseman,Steve Braun,1978|1982|1985,1982|1985,1982|1985,1982,15,1971-1985
1782,Pinch Hitter|Outfielder,Angel Bravo,1970,1970,1970,,3,1969-1971
1783,Pitcher,Garland Braxton,,,,,10,1921-1933
1784,Pitcher,Bill Bray,,,,,6,2006-2012
1785,Centerfielder,Buster Bray,,,,,1,1941-1941
1786,Pinch Hitter|First Baseman,Craig Brazell,,,,,2,2004-2007
1787,Pitcher,Dewon Brazelton,,,,,5,2002-2006
1788,First Baseman|Pinch Hitter|Third Baseman,Frank Brazill,,,,,2,1921-1922
1789,Pitcher,Al Brazle,,,1943|1946,1946,10,1943-1954
1790,Pitcher,Yhency Brazoban,,,,,6,2004-2011
1791,Pitcher,Leslie Brea,,,,,2,2000-2001
1792,First Baseman,Sid Bream,1990|1991|1992|1993,1991|1992,1991|1992,,12,1983-1994
1793,Pinch Hitter|First Baseman,Jim Breazeale,,,,,4,1969-1978
1794,Pitcher,Harry Brecheen,,,1943|1944|1946,1944|1946,12,1940-1953
1795,Pitcher,Bill Breckinridge,,,,,1,1929-1929
1796,Rightfielder|Pinch Hitter|First Baseman,Brent Brede,,,,,3,1996-1998
1797,Catcher,Danny Breeden,,,,,2,1969-1971
1798,First Baseman|Pinch Hitter,Hal Breeden,,,,,5,1971-1975
1799,Second Baseman|Third Baseman,Marv Breeding,,,,,4,1960-1963
1800,Pitcher,Fred Breining,,,,,5,1980-1984
1801,Pitcher,Alonzo Breitenstein,,,,,1,1883-1883
1802,Pitcher|Outfielder,Ted Breitenstein,,,,,11,1891-1901
1803,Catcher,Herb Bremer,,,,,3,1937-1939
1804,Catcher,Sam Brenegan,,,,,1,1914-1914
1805,Catcher|First Baseman|Third Baseman,Bob Brenly,1987,,,,9,1981-1989
1806,Pitcher,Ad Brennan,,,,,7,1910-1918
1807,Pitcher,Don Brennan,,,1937,,5,1933-1937
1808,Catcher|Outfielder|Third Baseman,Jack Brennan,,,,,5,1884-1890
1809,Pitcher,Tom Brennan,,,,,5,1981-1985
1810,Pitcher,William Brennan,,,,,2,1988-1993
1811,Pitcher,Jim Brenneman,,,,,1,1965-1965
1812,Pitcher,Bert Brenner,,,,,1,1912-1912
1813,Pitcher,Lynn Brenton,,,,,4,1913-1921
1814,Leftfielder,Bryce Brentz,,,,,1,2014-2014
1815,Catcher,Bill Brenzel,,,,,3,1932-1935
1816,Pitcher,Craig Breslow,2013,2013,2013,2013,10,2005-2015
1817,Catcher|Centerfielder,Roger Bresnahan,,,1905,1905,17,1897-1915
1818,Leftfielder|First Baseman|Pitcher,Rube Bressler,,,,,19,1914-1932
1819,Shortstop|Second Baseman|Third Baseman,Eddie Bressoud,,,1967,1967,12,1956-1967
1820,Third Baseman|Second Baseman,Jim Breton,,,,,3,1913-1915
1821,Pitcher,Duke Brett,,,,,2,1924-1925
1822,Third Baseman|First Baseman,George Brett,1976|1977|1978|1980|1984|1985,1980|1985,1980|1985,1985,21,1973-1993
1823,Pitcher,Ken Brett,1974|1975,,1967,,14,1967-1981
1824,Second Baseman|Pinch Hitter,Ryan Brett,,,,,1,2015-2015
1825,Pitcher,Marv Breuer,,,1941|1942,1941,5,1939-1943
1826,Pitcher,Billy Brewer,,,,,7,1993-1999
1827,Pitcher,Charles Brewer,,,,,1,2013-2013
1828,Pitcher,Jack Brewer,,,,,3,1944-1946
1829,Pitcher,Jim Brewer,,,1965|1966|1974,1965,17,1960-1976
1830,Rightfielder,Mike Brewer,,,,,1,1986-1986
1831,First Baseman|Pinch Hitter|Outfielder,Rod Brewer,,,,,4,1990-1993
1832,Pitcher,Tom Brewer,,,,,8,1954-1961
1833,Pinch Hitter|Leftfielder,Tony Brewer,,,,,1,1984-1984
1834,Pitcher,Jamie Brewington,,,,,2,1995-2000
1835,Shortstop,Charlie Brewster,,,,,3,1943-1946
1836,Pitcher,Alan Brice,,,,,1,1961-1961
1837,Outfielder,Fred Brickell,,,1927,,8,1926-1933
1838,Shortstop|Second Baseman,Fritz Brickell,,,,,3,1958-1961
1839,Rightfielder,George Brickley,,,,,1,1913-1913
1840,Pitcher,Ralph Brickner,,,,,1,1952-1952
1841,Shortstop|Second Baseman,Jim Brideweser,,,,,7,1951-1957
1842,Pitcher,Marshall Bridges,,,1962,1962,7,1959-1965
1843,Shortstop|Second Baseman|Third Baseman,Rocky Bridges,,,,,11,1951-1961
1844,Pitcher,Tommy Bridges,,,1934|1935|1940|1945,1935|1945,16,1930-1946
1845,Shortstop|Second Baseman|Third Baseman,Al Bridwell,,,,,11,1905-1915
1846,First Baseman|Leftfielder,Bunny Brief,,,,,4,1912-1917
1847,Pitcher,Buttons Briggs,,,,,5,1896-1905
1848,Centerfielder|Second Baseman|Shortstop,Charlie Briggs,,,,,1,1884-1884
1849,First Baseman|Outfielder,Dan Briggs,,,,,7,1975-1982
1850,Catcher|Outfielder|Third Baseman,Grant Briggs,,,,,4,1890-1895
1851,Pitcher,John Briggs,,,,,5,1956-1960
1852,Outfielder|First Baseman,John Briggs,,,,,12,1964-1975
1853,Pitcher,Jake Brigham,,,,,1,2015-2015
1854,First Baseman|Pinch Hitter|Third Baseman,Harry Bright,,,1963,,8,1958-1965
1855,Shortstop|Second Baseman|Third Baseman,Reid Brignac,,,,,8,2008-2015
1856,Pitcher,Nelson Briles,1972,,1967|1968|1971,1967|1971,14,1965-1978
1857,Outfielder|Pinch Hitter,Greg Briley,,,,,6,1988-1993
1858,Pitcher|Leftfielder,Frank Brill,,,,,1,1884-1884
1859,Pitcher,Jim Brillheart,,,,,4,1922-1931
1860,Pitcher,Brad Brink,,,,,3,1992-1994
1861,Outfielder|Third Baseman,Bill Brinker,,,,,1,1912-1912
1862,Catcher,Chuck Brinkman,,,,,6,1969-1974
1863,Shortstop,Ed Brinkman,1972,,,,15,1961-1975
1864,Shortstop|Pinch Hitter,Leon Brinkopf,,,,,1,1952-1952
1865,Catcher,Fatty Briody,,,,,8,1880-1888
1866,Pitcher,John Briscoe,,,,,6,1991-1996
1867,Pitcher,Lou Brissie,,,,,7,1947-1953
1868,Outfielder,George Bristow,,,,,1,1899-1899
1869,Pinch Hitter|Leftfielder,Bernardo Brito,,,,,3,1992-1995
1870,Pitcher,Eude Brito,,,,,2,2005-2006
1871,Catcher,Jorge Brito,,,,,2,1995-1996
1872,Catcher,Juan Brito,,,,,2,2002-2004
1873,Pinch Hitter|Rightfielder,Socrates Brito,,,,,1,2015-2015
1874,Second Baseman|Third Baseman|Shortstop,Tilson Brito,,,,,2,1996-1997
1875,Pitcher,Jim Britt,,,,,2,1872-1873
1876,Pinch Hitter|Catcher,Gus Brittain,,,,,1,1937-1937
1877,Pitcher,Jack Brittin,,,,,2,1950-1951
1878,Pitcher,Chris Britton,,,,,3,2006-2008
1879,Pitcher,Drake Britton,,,,,2,2013-2014
1880,Shortstop,Gil Britton,,,,,1,1913-1913
1881,Pitcher,Jim Britton,1969,,,,4,1967-1971
1882,Pitcher,Zach Britton,2014,,,,5,2011-2015
1883,Pitcher,Tony Brizzolara,,,,,3,1979-1984
1884,Pitcher,Johnny Broaca,,,,,5,1934-1939
1885,Pitcher,Lance Broadway,,,,,3,2007-2009
1886,Pitcher,Mike Broadway,,,,,1,2015-2015
1887,Pitcher,Pete Broberg,,,,,8,1971-1978
1888,Pitcher,Doug Brocail,,,,,15,1992-2009
1889,Pitcher,Chris Brock,,,,,6,1997-2002
1890,First Baseman,Greg Brock,1983|1985,,,,10,1982-1991
1891,Catcher|Pinch Hitter,John Brock,,,,,2,1917-1918
1892,Leftfielder,Lou Brock,,,1964|1967|1968,1964|1967,19,1961-1979
1893,Leftfielder,Tarrik Brock,,,,,1,2000-2000
1894,Pitcher|Third Baseman,Lew Brockett,,,,,3,1907-1911
1895,Pitcher,Brian Broderick,,,,,1,2011-2011
1896,Second Baseman,Matt Broderick,,,,,1,1903-1903
1897,Centerfielder,Steve Brodie,,,,,12,1890-1902
1898,Pitcher,Dick Brodowski,,,,,6,1952-1959
1899,Pitcher,Ernie Broglio,,,,,8,1959-1966
1900,First Baseman,Rico Brogna,,,,,9,1992-2001
1901,Second Baseman|Third Baseman,Jack Brohamer,,,,,9,1972-1980
1902,Pitcher,Troy Brohawn,,,2001,2001,3,2001-2003
1903,Pitcher,Ken Brondell,,,,,1,1944-1944
1904,Pitcher,Jeff Bronkey,,,,,3,1993-1995
1905,Third Baseman|Second Baseman,Herman Bronkie,,,,,7,1910-1922
1906,Pitcher,Jim Bronstad,,,,,3,1959-1964
1907,Pitcher,Ike Brookens,,,,,1,1975-1975
1908,Third Baseman|Second Baseman|Shortstop,Tom Brookens,1984|1987,1984,1984,1984,12,1979-1990
1909,Pitcher,Aaron Brooks,,,,,2,2014-2015
1910,Outfielder|Pinch Hitter,Bobby Brooks,,,,,4,1969-1973
1911,Pitcher,Frank Brooks,,,,,2,2004-2005
1912,Rightfielder|Third Baseman|Shortstop,Hubie Brooks,,,,,15,1980-1994
1913,Pinch Hitter|Rightfielder|First Baseman,Jerry Brooks,,,,,2,1993-1996
1914,Centerfielder,Mandy Brooks,,,,,2,1925-1926
1915,Third Baseman|Outfielder|First Baseman,Scott Brosius,1998|1999|2000|2001,1998|1999|2000|2001,1998|1999|2000|2001,1998|1999|2000,11,1991-2001
1916,Catcher,Sig Broskie,,,,,1,1940-1940
1917,Pitcher,Jim Brosnan,,,1961,,9,1954-1963
1918,Pitcher,Terry Bross,,,,,2,1991-1993
1919,Pitcher,Frank Brosseau,,,,,2,1969-1971
1920,Pitcher,Rex Brothers,,,,,5,2011-2015
1921,Catcher,Tony Brottem,,,,,3,1916-1921
1922,Catcher|Outfielder,Cal Broughton,,,,,4,1883-1888
1923,Outfielder,Mark Brouhard,1982,1982,,,6,1980-1985
1924,First Baseman|Leftfielder,Ben Broussard,,,,,7,2002-2008
1925,Third Baseman,Art Brouthers,,,,,1,1906-1906
1926,First Baseman,Dan Brouthers,,,1887,1887,19,1879-1904
1927,Pinch Hitter,Joe Brovia,,,,,1,1955-1955
1928,Pitcher,Scott Brow,,,,,4,1993-1998
1929,Outfielder,Bob Brower,,,,,4,1986-1989
1930,Rightfielder|First Baseman,Frank Brower,,,,,5,1920-1924
1931,Pitcher,Jim Brower,,,,,9,1999-2007
1932,Shortstop|Second Baseman,Louis Brower,,,,,1,1931-1931
1933,Outfielder,Adrian Brown,,,,,9,1997-2006
1934,Pitcher,Alton Brown,,,,,1,1951-1951
1935,Pitcher,Andrew Brown,,,,,3,2006-2008
1936,Outfielder|Pinch Hitter,Andrew Brown,,,,,4,2011-2014
1937,Leftfielder,Bill Brown,,,,,1,1912-1912
1938,Pitcher,Boardwalk Brown,,,,,5,1911-1915
1939,Pitcher,Bob Brown,,,,,7,1930-1936
1940,Third Baseman|Shortstop,Bobby Brown,,,1947|1949|1950|1951,1947|1949|1950|1951,8,1946-1954
1941,Outfielder,Bobby Brown,1980|1981|1984,1981|1984,1981|1984,,7,1979-1985
1942,Outfielder|Pinch Hitter|First Baseman,Brant Brown,,,,,5,1996-2000
1943,Pitcher,Brooks Brown,,,,,2,2014-2015
1944,Pitcher,Buster Brown,,,,,9,1905-1913
1945,Pitcher,Charlie Brown,,,,,1,1897-1897
1946,Third Baseman,Chris Brown,,,,,6,1984-1989
1947,Pitcher,Clint Brown,,,,,15,1928-1942
1948,Outfielder|Pinch Hitter,Corey Brown,,,,,4,2011-2014
1949,Pitcher,Curly Brown,,,,,4,1911-1915
1950,Pitcher,Curt Brown,,,,,4,1983-1987
1951,Leftfielder,Curtis Brown,,,,,1,1973-1973
1952,Centerfielder,Darrell Brown,,,,,4,1981-1984
1953,Leftfielder,Dee Brown,,,,,8,1998-2007
1954,Pinch Hitter,Delos Brown,,,,,1,1914-1914
1955,Catcher,Dick Brown,,,,,9,1957-1965
1956,Outfielder,Domonic Brown,2010,,,,6,2010-2015
1957,Catcher,Drummond Brown,,,,,3,1913-1915
1958,Catcher|Pitcher,Dusty Brown,,,,,3,2009-2011
1959,Third Baseman|Rightfielder,Ed Brown,,,,,2,1882-1884
1960,Outfielder,Eddie Brown,,,,,7,1920-1928
1961,Pitcher,Elmer Brown,,,,,5,1911-1915
1962,Outfielder,Emil Brown,,,,,10,1997-2009
1963,Outfielder,Fred Brown,,,,,2,1901-1902
1964,Centerfielder,Gary Brown,,,,,1,2014-2014
1965,Pinch Hitter|Leftfielder,Gates Brown,1972,,1968,1968,13,1963-1975
1966,Pitcher,Hal Brown,,,,,14,1951-1964
1967,Pinch Hitter|Second Baseman|First Baseman,Ike Brown,1972,,,,6,1969-1974
1968,Pitcher,Jackie Brown,,,,,7,1970-1977
1969,Pinch Hitter|Outfielder,Jake Brown,,,,,1,1975-1975
1970,Pitcher,Jamie Brown,,,,,1,2004-2004
1971,Outfielder|Pinch Runner,Jarvis Brown,1991,1991,1991,1991,5,1991-1995
1972,Designated Hitter|Pinch Hitter|Catcher,Jeremy Brown,,,,,1,2006-2006
1973,Pitcher|Outfielder,Jim Brown,,,,,2,1884-1886
1974,Outfielder,Jim Brown,,,,,2,1915-1916
1975,Second Baseman|Third Baseman|Shortstop,Jimmy Brown,,,1942,1942,8,1937-1946
1976,Pitcher|Rightfielder|First Baseman,Joe Brown,,,,,2,1884-1885
1977,Pitcher,Joe Brown,,,,,1,1927-1927
1978,Pitcher,John Brown,,,,,1,1897-1897
1979,Pitcher,Jophery Brown,,,,,1,1968-1968
1980,Pinch Hitter|First Baseman|Leftfielder,Jordan Brown,,,,,2,2010-2013
1981,Pitcher,Jumbo Brown,,,,,12,1925-1941
1982,Pitcher,Keith Brown,,,,,4,1988-1992
1983,Pitcher,Kevin Brown,1997|1998|2004,1997|1998,1997|1998,1997,19,1986-2005
1984,Pitcher,Kevin Brown,,,,,3,1990-1992
1985,Catcher,Kevin Brown,,,,,7,1996-2002
1986,Shortstop|Second Baseman|Third Baseman,Larry Brown,1973,,,,12,1963-1974
1987,Outfielder|Pinch Runner,Leon Brown,,,,,1,1976-1976
1988,Catcher|First Baseman|Rightfielder,Lew Brown,,,,,7,1876-1884
1989,Shortstop,Lindsay Brown,,,,,1,1937-1937
1990,Pitcher,Lloyd Brown,,,,,12,1925-1940
1991,Pitcher,Mace Brown,,,1946,,10,1935-1946
1992,Pitcher,Mark Brown,,,,,2,1984-1985
1993,Third Baseman|Pinch Hitter|Second Baseman,Marty Brown,,,,,3,1988-1990
1994,Third Baseman|Second Baseman,Matthew Brown,,,,,2,2007-2008
1995,Pitcher,Mike Brown,,,,,6,1982-1987
1996,Rightfielder,Mike Brown,,,,,5,1983-1988
1997,Pitcher,Mordecai Brown,,,1906|1907|1908|1910,1907|1908,14,1903-1916
1998,Pitcher,Myrl Brown,,,,,1,1922-1922
1999,Pitcher,Norm Brown,,,,,2,1943-1946
2000,Rightfielder|First Baseman,Oliver Brown,,,,,2,1872-1875
2001,Rightfielder,Ollie Brown,1976|1977,,,,13,1965-1977
2002,Outfielder,Oscar Brown,,,,,5,1969-1973
2003,Pitcher,Paul Brown,,,,,4,1961-1968
2004,Catcher|Pinch Hitter,Randy Brown,,,,,2,1969-1970
2005,Pitcher,Ray Brown,,,,,1,1909-1909
2006,Shortstop,Robert Brown,,,,,1,1874-1874
2007,Leftfielder|Pinch Hitter,Roosevelt Brown,,,,,4,1999-2002
2008,Catcher|Outfielder|Third Baseman,Sam Brown,,,,,2,1906-1907
2009,Pitcher,Scott Brown,,,,,1,1981-1981
2010,Pitcher,Steve Brown,,,,,2,1983-1984
2011,Pitcher,Stub Brown,,,,,3,1893-1897
2012,Outfielder,Tom Brown,,,,,17,1882-1898
2013,Pinch Hitter|Outfielder|First Baseman,Tom Brown,,,,,1,1963-1963
2014,Pitcher,Tom Brown,,,,,1,1978-1978
2015,Shortstop|Pinch Hitter|Leftfielder,Tommy Brown,,,1949,,9,1944-1953
2016,Catcher,Trevor Brown,,,,,1,2015-2015
2017,Pitcher,Walter Brown,,,,,1,1947-1947
2018,Rightfielder,Willard Brown,,,,,1,1947-1947
2019,First Baseman|Catcher|Outfielder,William Brown,,,1888|1889,1888|1889,7,1887-1894
2020,Outfielder|Pinch Hitter,Byron Browne,,,,,8,1965-1972
2021,Rightfielder|First Baseman,Earl Browne,,,,,4,1935-1938
2022,Rightfielder,George Browne,,,1905,1905,12,1901-1912
2023,Second Baseman|Outfielder|Third Baseman,Jerry Browne,1992,,,,10,1986-1995
2024,Pinch Hitter|First Baseman,Pidge Browne,,,,,1,1962-1962
2025,Pitcher,Barret Browning,,,,,1,2012-2012
2026,Pitcher,Cal Browning,,,,,1,1960-1960
2027,Pitcher,Frank Browning,,,,,1,1910-1910
2028,Outfielder|Third Baseman|Second Baseman,Pete Browning,,,,,13,1882-1894
2029,Pitcher,Tom Browning,1990,1990,1990,1990,12,1984-1995
2030,Pitcher,Mark Brownson,,,,,3,1998-2000
2031,Pitcher,Jonathan Broxton,2008|2009,,,,11,2005-2015
2032,Pinch Runner|Outfielder,Keon Broxton,,,,,1,2015-2015
2033,Third Baseman|Second Baseman|First Baseman,Bill Brubaker,,,,,10,1932-1943
2034,Pitcher,Bruce Brubaker,,,,,2,1967-1970
2035,Pitcher,Bob Bruce,,,,,9,1959-1967
2036,Rightfielder,Jay Bruce,,,,,8,2008-2015
2037,Outfielder|Pitcher,Lou Bruce,,,,,1,1904-1904
2038,Pitcher,Fred Bruckbauer,,,,,1,1961-1961
2039,Catcher,Earle Brucker,,,,,5,1937-1943
2040,Catcher,Earle Brucker,,,,,1,1948-1948
2041,Pitcher,Andy Bruckmiller,,,,,1,1905-1905
2042,Outfielder,J.T. Bruett,,,,,2,1992-1993
2043,Catcher,Frank Bruggy,,,,,5,1921-1925
2044,Pitcher,Mike Bruhert,,,,,1,1978-1978
2045,Outfielder,Cliff Brumbaugh,,,,,1,2001-2001
2046,Outfielder,Jacob Brumfield,,,,,7,1992-1999
2047,Pitcher,Duff Brumley,,,,,1,1994-1994
2048,Catcher,Mike Brumley,,,,,3,1964-1966
2049,Shortstop|Second Baseman|Third Baseman,Mike Brumley,,,,,8,1987-1995
2050,Catcher,Glenn Brummer,,,1982,1982,5,1981-1985
2051,Pitcher,Greg Brummett,,,,,1,1993-1993
2052,Pitcher,Tyson Brummett,,,,,1,2012-2012
2053,Rightfielder,Tom Brunansky,1987|1990,1987,1987,1987,14,1981-1994
2054,Pitcher,Jack Bruner,,,,,2,1949-1950
2055,Pitcher,Roy Bruner,,,,,3,1939-1941
2056,Pitcher,George Brunet,,,,,15,1956-1971
2057,Pitcher,Justin Brunette,,,,,1,2000-2000
2058,Pitcher,Brian Bruney,,,2009,2009,9,2004-2012
2059,Pitcher,Tom Bruno,,,,,4,1976-1979
2060,Catcher|Pinch Hitter,Arlo Brunsberg,,,,,1,1966-1966
2061,Pitcher,Will Brunson,,,,,2,1998-1999
2062,Shortstop|Outfielder|Second Baseman,Eric Bruntlett,2004|2005|2008|2009,2005|2008|2009,2005|2008|2009,2008,7,2003-2009
2063,First Baseman,Bob Brush,,,,,1,1907-1907
2064,Pitcher,Jim Bruske,,,,,5,1995-2000
2065,Pitcher,Warren Brusstar,1977|1978|1980|1984,1980,1980,1980,9,1977-1985
2066,Centerfielder,Bill Bruton,,,1958,,12,1953-1964
2067,Centerfielder|Second Baseman|Shortstop,Ed Bruyette,,,,,1,1901-1901
2068,Catcher|Pinch Hitter,Billy Bryan,,,,,8,1961-1968
2069,Pitcher|Pinch Runner,Clay Bryant,,,1938,,6,1935-1940
2070,Leftfielder,Derek Bryant,,,,,1,1979-1979
2071,Catcher,Don Bryant,,,,,3,1966-1970
2072,Second Baseman,George Bryant,,,,,1,1885-1885
2073,Third Baseman|Outfielder,Kris Bryant,2015,,,,1,2015-2015
2074,Rightfielder|Pinch Hitter,Ralph Bryant,,,,,3,1985-1987
2075,Pitcher,Ron Bryant,1971,,,,8,1967-1975
2076,Pitcher,T.R. Bryden,,,,,1,1986-1986
2077,Outfielder,Steve Brye,,,,,9,1970-1978
2078,Pitcher|Leftfielder,Tod Brynan,,,,,2,1888-1891
2079,Centerfielder|Pinch Runner,Jaime Bubela,,,,,1,2005-2005
2080,Pinch Hitter,Hal Bubser,,,,,1,1922-1922
2081,Catcher,Johnny Bucha,,,,,3,1948-1953
2082,Pitcher,Bob Buchanan,,,,,2,1985-1989
2083,Rightfielder|Pinch Hitter|First Baseman,Brian Buchanan,,,,,5,2000-2004
2084,Pitcher,David Buchanan,,,,,2,2014-2015
2085,Pitcher,Jake Buchanan,,,,,1,2014-2014
2086,Pitcher,Jim Buchanan,,,,,1,1905-1905
2087,Second Baseman|Shortstop|Third Baseman,Jerry Buchek,,,1964,1964,7,1961-1968
2088,Third Baseman|Second Baseman|Outfielder,Jim Bucher,,,,,7,1934-1945
2089,Pitcher,Clay Buchholz,2013,2013,2013,2013,9,2007-2015
2090,Pitcher,Taylor Buchholz,,,,,5,2006-2011
2091,Pitcher,Ryan Buchter,,,,,1,2014-2014
2092,Catcher,John Buck,,,,,11,2004-2014
2093,Outfielder,Travis Buck,,,,,6,2007-2012
2094,Pitcher,Gary Buckels,,,,,1,1994-1994
2095,Pitcher,Garland Buckeye,,,,,5,1918-1928
2096,Pitcher,Fred Buckingham,,,,,1,1895-1895
2097,Pitcher,Jess Buckles,,,,,1,1916-1916
2098,Catcher|Third Baseman,Dick Buckley,,,,,8,1888-1895
2099,Pitcher,John Buckley,,,,,1,1890-1890
2100,Designated Hitter|Pinch Hitter,Kevin Buckley,,,,,1,1984-1984
2101,First Baseman|Leftfielder,Bill Buckner,1974|1986,1974|1986,1974|1986,,22,1969-1990
2102,Pitcher,Billy Buckner,,,,,6,2007-2014
2103,Designated Hitter|Outfielder,Mark Budaska,,,,,2,1978-1981
2104,Leftfielder,Jay Budd,,,,,1,1890-1890
2105,Catcher,Ryan Budde,,,,,4,2007-2010
2106,Pitcher,Mike Buddie,,,,,5,1998-2002
2107,Shortstop,Don Buddin,,,,,6,1956-1962
2108,Pitcher,Mike Budnick,,,,,2,1946-1947
2109,Pinch Hitter|Centerfielder,Mark Budzinski,,,,,1,2003-2003
2110,Third Baseman|Second Baseman,Steve Buechele,1991,,,,11,1985-1995
2111,Pitcher,Mark Buehrle,2005,2005,2005,2005,16,2000-2015
2112,Third Baseman|Second Baseman,Charlie Buelow,,,,,1,1901-1901
2113,Catcher,Fritz Buelow,,,,,9,1899-1907
2114,Pitcher,Francisley Bueno,,,,,4,2008-2014
2115,Pitcher,Jay Buente,,,,,2,2010-2011
2116,Third Baseman|Second Baseman,Art Bues,,,,,2,1913-1914
2117,Pitcher|Outfielder|First Baseman,Charlie Buffinton,,,,,11,1882-1892
2118,Centerfielder,Damon Buford,1999,,,,9,1993-2001
2119,Leftfielder|Second Baseman|Third Baseman,Don Buford,1969|1970|1971,1969|1970|1971,1969|1970|1971,1970,10,1963-1972
2120,Pitcher,Bob Buhl,,,1957,1957,15,1953-1967
2121,Rightfielder,Jay Buhner,1995|2000|2001,,,,15,1987-2001
2122,Pitcher,DeWayne Buice,,,,,3,1987-1989
2123,Pitcher,Cy Buker,,,,,1,1945-1945
2124,Shortstop|Rightfielder,Henry Buker,,,,,1,1884-1884
2125,Pitcher,Ryan Bukvich,,,,,6,2002-2008
2126,Pitcher,Jason Bulger,2009,,,,7,2005-2011
2127,Pinch Runner|Shortstop,George Bullard,,,,,1,1954-1954
2128,Catcher|Leftfielder,Sim Bullas,,,,,1,1884-1884
2129,Outfielder|Pinch Hitter,Scott Bullett,,,,,4,1991-1996
2130,Catcher,Bud Bulling,,,,,4,1977-1983
2131,Pitcher,Jim Bullinger,,,,,7,1992-1998
2132,Pitcher,Kirk Bullinger,,,,,5,1998-2004
2133,Pitcher,Bryan Bullington,,,,,5,2005-2010
2134,Pinch Hitter|Outfielder,Eric Bullock,,,,,7,1985-1992
2135,Pitcher,Red Bullock,,,,,1,1936-1936
2136,Outfielder,Al Bumbry,1973|1974|1979|1983,1979|1983,1979|1983,1983,14,1972-1985
2137,Pitcher,Madison Bumgarner,2010|2012|2014,2010|2012|2014,2010|2012|2014,2010|2012|2014,7,2009-2015
2138,Pitcher,Nate Bump,2003,2003,,,3,2003-2005
2139,Leftfielder,Josh Bunce,,,,,1,1877-1877
2140,Pitcher,Melvin Bunch,,,,,2,1995-1999
2141,Pitcher,Dylan Bundy,,,,,1,2012-2012
2142,Pitcher,Wally Bunker,,,1966,1966,9,1963-1971
2143,Pitcher,Jim Bunning,,,,,17,1955-1971
2144,Pitcher,Danny Burawa,,,,,1,2015-2015
2145,Pitcher,Dave Burba,1995|1998,,,,15,1990-2004
2146,Pitcher,Bill Burbach,,,,,3,1969-1971
2147,Catcher,Nelson Burbrink,,,,,1,1955-1955
2148,Outfielder,Al Burch,,,,,6,1906-1911
2149,Leftfielder,Ernie Burch,,,,,3,1884-1887
2150,Pitcher,Larry Burchart,,,,,1,1969-1969
2151,Pitcher,Fred Burchell,,,,,4,1903-1909
2152,Pinch Hitter|First Baseman|Rightfielder,Bob Burda,,,,,7,1962-1972
2153,Pitcher,Freddie Burdette,,,,,3,1962-1964
2154,Pitcher,Lew Burdette,,,1957|1958,1957,18,1950-1967
2155,Pitcher,Bill Burdick,,,,,2,1888-1889
2156,Second Baseman|Third Baseman,Jack Burdock,,,,,18,1872-1891
2157,Third Baseman|Shortstop,Joe Burg,,,,,1,1910-1910
2158,Catcher|Pinch Hitter,Smoky Burgess,,,1960,1960,18,1949-1967
2159,Pinch Hitter|First Baseman|Outfielder,Tom Burgess,,,,,2,1954-1962
2160,Pitcher,Tom Burgmeier,,,,,17,1968-1984
2161,Leftfielder,Bill Burgo,,,,,2,1943-1944
2162,Pitcher,Ambiorix Burgos,,,,,3,2005-2007
2163,Pitcher,Enrique Burgos,,,,,2,1993-1995
2164,Pitcher,Enrique Burgos,,,,,1,2015-2015
2165,Pitcher,Hiram Burgos,,,,,1,2013-2013
2166,Shortstop|Third Baseman,Bill Burich,,,,,2,1942-1946
2167,Pinch Runner|Catcher,Mack Burk,,,,,2,1956-1958
2168,Pitcher,Sandy Burk,,,,,5,1910-1915
2169,Pinch Hitter,Chauncey Burkam,,,,,1,1915-1915
2170,Pitcher,Elmer Burkart,,,,,4,1936-1939
2171,Pitcher,Billy Burke,,,,,2,1910-1911
2172,Pitcher,Bobby Burke,,,,,10,1927-1937
2173,Outfielder|Second Baseman|Shortstop,Chris Burke,2005,2005,2005,,6,2004-2009
2174,Outfielder|Catcher|First Baseman,Dan Burke,,,,,2,1890-1892
2175,Leftfielder|Second Baseman,Eddie Burke,,,,,8,1890-1897
2176,Leftfielder,Frank Burke,,,,,2,1906-1907
2177,Outfielder,Glenn Burke,1977,1977,1977,,4,1976-1979
2178,Pitcher,Greg Burke,,,,,2,2009-2013
2179,Pitcher|Rightfielder,James Burke,,,,,3,1882-1884
2180,Catcher|First Baseman,Jamie Burke,,,,,8,2001-2010
2181,Third Baseman|Second Baseman|Shortstop,Jimmy Burke,,,,,7,1898-1905
2182,Third Baseman|Second Baseman,Joe Burke,,,,,2,1890-1891
2183,Pitcher|Rightfielder,John Burke,,,,,1,1902-1902
2184,Pitcher,John Burke,,,,,2,1996-1997
2185,Pinch Hitter|Rightfielder|Second Baseman,Leo Burke,,,,,7,1958-1965
2186,Second Baseman|Pinch Hitter|Third Baseman,Les Burke,,,,,4,1923-1926
2187,Shortstop|Rightfielder|Third Baseman,Mike Burke,,,,,1,1879-1879
2188,Third Baseman,Pat Burke,,,,,1,1924-1924
2189,Pitcher,Steve Burke,,,,,2,1977-1978
2190,Pitcher,Tim Burke,,,,,8,1985-1992
2191,Pitcher|Rightfielder,William Burke,,,,,1,1887-1887
2192,Leftfielder,Jesse Burkett,,,,,16,1890-1905
2193,Pitcher,John Burkett,2001|2003,,,,15,1987-2003
2194,Pitcher,Ken Burkhart,,,,,5,1945-1949
2195,Designated Hitter|First Baseman,Morgan Burkhart,,,,,3,2000-2003
2196,Outfielder,Ellis Burks,1988|1990|1993,,,,18,1987-2004
2197,Shortstop|Second Baseman,Rick Burleson,1975|1986,1975,1975,,13,1974-1987
2198,Pitcher,A.J. Burnett,2009|2010,2009,2009,2009,17,1999-2015
2199,Pitcher,Alex Burnett,,,,,4,2010-2013
2200,Centerfielder|First Baseman,Hercules Burnett,,,,,2,1888-1895
2201,Shortstop|Third Baseman|Second Baseman,Johnny Burnett,,,,,9,1927-1935
2202,Pitcher,Sean Burnett,,,,,8,2004-2014
2203,Pitcher,Wally Burnette,,,,,3,1956-1958
2204,Rightfielder,Jeromy Burnitz,,,,,14,1993-2006
2205,Pitcher,Bill Burns,,,,,5,1908-1912
2206,Centerfielder,Billy Burns,,,,,2,2014-2015
2207,Pitcher,Britt Burns,1983,,,,8,1978-1985
2208,,C.B. Burns,,,,,1,1902-1902
2209,Pitcher,Cory Burns,,,,,2,2012-2013
2210,Pitcher,Dennis Burns,,,,,2,1923-1924
2211,Outfielder|Pitcher,Dick Burns,,,,,3,1883-1885
2212,Catcher,Ed Burns,,,1915,,7,1912-1918
2213,Pitcher,Farmer Burns,,,,,1,1901-1901
2214,Outfielder,George Burns,,,1913|1917|1921,1921,15,1911-1925
2215,First Baseman,George Burns,,,1920|1929,1920|1929,16,1914-1929
2216,Second Baseman,Jack Burns,,,,,2,1903-1904
2217,First Baseman,Jack Burns,,,,,7,1930-1936
2218,Centerfielder,Jim Burns,,,,,3,1888-1891
2219,Catcher,Joe Burns,,,,,1,1924-1924
2220,Third Baseman|Rightfielder|Second Baseman,Joe Burns,,,,,3,1943-1945
2221,First Baseman,John Burns,,,,,1,1884-1884
2222,Leftfielder,Joseph Burns,,,,,2,1910-1913
2223,Pitcher,Mike Burns,,,,,3,2005-2009
2224,Rightfielder|Shortstop|Third Baseman,Oyster Burns,,,1889|1890,,11,1884-1895
2225,Pitcher,Todd Burns,,,1988|1989|1990,1989,6,1988-1993
2226,Third Baseman|Shortstop|Second Baseman,Tom Burns,,,1885|1886,,13,1880-1892
2227,Pitcher,Pete Burnside,,,,,8,1955-1963
2228,Pitcher,Sheldon Burnside,,,,,3,1978-1980
2229,Pitcher,George Burpo,,,,,1,1946-1946
2230,Centerfielder,Tom Burr,,,,,1,1914-1914
2231,Catcher,Buster Burrell,,,,,4,1891-1897
2232,Pitcher|Rightfielder,Harry Burrell,,,,,1,1891-1891
2233,Leftfielder|First Baseman,Pat Burrell,2008|2010,2008|2010,2008|2010,2008|2010,12,2000-2011
2234,Pitcher,Brian Burres,,,,,6,2006-2011
2235,Second Baseman|Shortstop,Larry Burright,,,,,3,1962-1964
2236,Pitcher,Al Burris,,,,,1,1894-1894
2237,Catcher,Paul Burris,,,,,4,1948-1953
2238,Pitcher,Ray Burris,1981,,,,15,1973-1987
2239,Second Baseman|Shortstop,Emmanuel Burriss,,,,,6,2008-2015
2240,Outfielder|Third Baseman|Second Baseman,Henry Burroughs,,,,,2,1871-1872
2241,Outfielder,Jeff Burroughs,1985,,,,16,1970-1985
2242,Third Baseman,Sean Burroughs,,,,,7,2002-2012
2243,Pitcher,John Burrows,,,,,2,1943-1944
2244,Pitcher,Terry Burrows,,,,,4,1994-1997
2245,First Baseman,Dick Burrus,,,,,6,1919-1928
2246,Leftfielder,Frank Burt,,,,,1,1882-1882
2247,Outfielder,Ellis Burton,,,,,5,1958-1965
2248,Pitcher,Jared Burton,,,,,8,2007-2014
2249,Pitcher,Jim Burton,,,1975,,2,1975-1977
2250,Pitcher,Moe Burtschy,,,,,5,1950-1956
2251,Pitcher,Dennis Burtt,,,,,2,1985-1986
2252,Pitcher,Bill Burwell,,,,,3,1920-1928
2253,Pitcher,Dick Burwell,,,,,2,1960-1961
2254,Centerfielder,Jim Busby,,,,,13,1950-1962
2255,Pitcher,Mike Busby,,,,,4,1996-1999
2256,Pinch Hitter|Outfielder,Paul Busby,,,,,2,1941-1943
2257,Pitcher,Steve Busby,,,,,8,1972-1980
2258,Shortstop|Second Baseman,Ed Busch,,,,,3,1943-1945
2259,Third Baseman|Pinch Hitter|First Baseman,Mike Busch,,,,,2,1995-1996
2260,Third Baseman|First Baseman,Brian Buscher,,,,,3,2007-2009
2261,Pitcher,Don Buschhorn,,,,,1,1965-1965
2262,Pitcher,Bullet Joe Bush,,,1913|1914|1918|1922|1923,1913|1918|1923,17,1912-1928
2263,Pitcher,Dave Bush,,,,,9,2004-2013
2264,Shortstop,Donie Bush,,,1909,,16,1908-1923
2265,Pitcher,Guy Bush,,,1929|1932,,17,1923-1945
2266,Second Baseman|Shortstop,Homer Bush,1998,1998,1998,1998,7,1997-2004
2267,Outfielder|Pinch Hitter|Designated Hitter,Randy Bush,1987,1987,1987|1991,1987|1991,12,1982-1993
2268,Pitcher,Jack Bushelman,,,,,3,1909-1912
2269,Pitcher,Frank Bushey,,,,,2,1927-1930
2270,Pitcher,Chris Bushing,,,,,1,1993-1993
2271,Catcher,Doc Bushong,,,1885|1886|1887|1889|1890,1886,13,1875-1890
2272,Shortstop,Joe Buskey,,,,,1,1926-1926
2273,Shortstop,Mike Buskey,,,,,1,1977-1977
2274,Pitcher,Tom Buskey,,,,,8,1973-1980
2275,Outfielder|Pinch Hitter,Nick Buss,,,,,1,2013-2013
2276,Shortstop|Pinch Hitter|Third Baseman,Ray Busse,,,,,3,1971-1974
2277,Leftfielder,Hank Butcher,,,,,2,1911-1912
2278,Pitcher,John Butcher,,,,,7,1980-1986
2279,Pitcher,Max Butcher,,,,,10,1936-1945
2280,Pitcher,Mike Butcher,,,,,4,1992-1995
2281,Catcher|First Baseman,Drew Butera,2015,2015,2015,2015,6,2010-2015
2282,Catcher,Sal Butera,1987,1987,1987,1987,9,1980-1988
2283,First Baseman,Ed Butka,,,,,2,1943-1944
2284,Pitcher,Bill Butland,,,,,4,1940-1947
2285,Pitcher,Adam Butler,,,,,1,1998-1998
2286,Shortstop|Second Baseman|Outfielder,Art Butler,,,,,6,1911-1916
2287,Rightfielder,Bill Butler,,,,,1,1884-1884
2288,Pitcher,Bill Butler,,,,,7,1969-1977
2289,Designated Hitter|First Baseman,Billy Butler,2014,2014,2014,,9,2007-2015
2290,Second Baseman|Third Baseman|Shortstop,Brent Butler,,,,,3,2001-2003
2291,Centerfielder,Brett Butler,1982|1989,1989,1989,,17,1981-1997
2292,Pitcher,Cecil Butler,,,,,2,1962-1964
2293,Pitcher,Charlie Butler,,,,,1,1933-1933
2294,Catcher,Dan Butler,,,,,1,2014-2014
2295,Catcher,Dick Butler,,,,,2,1897-1899
2296,Pitcher,Eddie Butler,,,,,2,2014-2015
2297,Leftfielder,Frank Butler,,,,,1,1895-1895
2298,Pitcher|Outfielder,Ike Butler,,,,,1,1902-1902
2299,Designated Hitter|Leftfielder|Pinch Hitter,Joey Butler,,,,,3,2013-2015
2300,Catcher,John Butler,,,,,4,1901-1907
2301,Shortstop|Third Baseman,Johnny Butler,,,,,4,1926-1929
2302,Pitcher,Josh Butler,,,,,1,2009-2009
2303,Pitcher,Keith Butler,,,,,2,2013-2014
2304,Outfielder|Second Baseman|Shortstop,Kid Butler,,,,,1,1884-1884
2305,Second Baseman|Third Baseman|Shortstop,Kid Butler,,,,,1,1907-1907
2306,Outfielder,Rich Butler,,,,,3,1997-1999
2307,Outfielder|Pinch Hitter,Rob Butler,,,1993,1993,4,1993-1999
2308,Pitcher,Tom Butters,,,,,4,1962-1965
2309,Pitcher|Rightfielder|Third Baseman,Frank Buttery,,,,,1,1872-1872
2310,Centerfielder,Byron Buxton,,,,,1,2015-2015
2311,Pitcher,Ralph Buxton,,,,,2,1938-1949
2312,Pinch Hitter|Shortstop,Joe Buzas,,,,,1,1945-1945
2313,Pitcher,John Buzhardt,,,,,11,1958-1968
2314,Pitcher,Bud Byerly,,,1944,1944,11,1943-1960
2315,Catcher|First Baseman,Bill Byers,,,,,1,1904-1904
2316,Pinch Hitter|Leftfielder,Randy Byers,,,,,2,1987-1988
2317,Outfielder|Shortstop|Pinch Hitter,Freddie Bynum,,,,,4,2005-2008
2318,Pitcher,Mike Bynum,,,,,3,2002-2004
2319,Pitcher,Harry Byrd,,,,,7,1950-1957
2320,Pitcher,Jeff Byrd,,,,,1,1977-1977
2321,Pinch Runner|Designated Hitter,Jim Byrd,,,,,1,1993-1993
2322,Outfielder,Marlon Byrd,,,,,14,2002-2015
2323,Pitcher,Paul Byrd,2005|2007|2008,,,,14,1995-2009
2324,Outfielder,Samuel Byrd,,,1932,1932,8,1929-1936
2325,Pitcher,Tim Byrdak,,,,,12,1998-2013
2326,Third Baseman|Second Baseman,Bobby Byrne,,,1909|1915,1909,11,1907-1917
2327,Pitcher,Jerry Byrne,,,,,1,1929-1929
2328,Pitcher,Tommy Byrne,,,1949|1955|1956|1957,1949|1956,13,1943-1957
2329,Outfielder,Eric Byrnes,2007,,,,11,2000-2010
2330,Catcher,Jim Byrnes,,,,,1,1906-1906
2331,Outfielder,Milt Byrnes,,,1944,,3,1943-1945
2332,Pitcher,Marty Bystrom,1980,1980,1980|1983,1980,6,1980-1985
